{"stats":{"minecraft:custom":{"minecraft:jump":54,"minecraft:time_since_rest":4362,"minecraft:crouch_one_cm":1125,"minecraft:leave_game":3,"minecraft:play_time":4362,"minecraft:sprint_one_cm":10427,"minecraft:time_since_death":4362,"minecraft:walk_one_cm":4429,"minecraft:sneak_time":445,"minecraft:total_world_time":4362,"minecraft:fall_one_cm":1113,"minecraft:fly_one_cm":5065},"minecraft:picked_up":{"minecraft:dirt":10},"minecraft:mined":{"minecraft:grass_block":7,"minecraft:dirt":7}},"DataVersion":3953}