{"stats":{"minecraft:killed_by":{"minecraft:zombie":4},"minecraft:mined":{"minecraft:dark_oak_leaves":1,"minecraft:short_grass":4,"minecraft:grass_block":1,"minecraft:birch_leaves":9,"minecraft:oak_leaves":4},"minecraft:dropped":{"minecraft:rotten_flesh":2},"minecraft:killed":{"minecraft:skeleton":1,"minecraft:trader_llama":1,"minecraft:zombie":1},"minecraft:custom":{"minecraft:mob_kills":3,"minecraft:leave_game":4,"minecraft:time_since_death":11295,"minecraft:time_since_rest":11753,"minecraft:sprint_one_cm":59947,"minecraft:damage_taken":1635,"minecraft:walk_one_cm":122371,"minecraft:drop":2,"minecraft:damage_dealt":748,"minecraft:fly_one_cm":32328,"minecraft:player_kills":1,"minecraft:crouch_one_cm":2146,"minecraft:play_time":62388,"minecraft:walk_under_water_one_cm":2154,"minecraft:deaths":7,"minecraft:sneak_time":803,"minecraft:boat_one_cm":3156,"minecraft:jump":360,"minecraft:walk_on_water_one_cm":290,"minecraft:horse_one_cm":1556,"minecraft:total_world_time":62388,"minecraft:fall_one_cm":10444},"minecraft:used":{"minecraft:dirt":1,"minecraft:egg":2,"minecraft:dark_oak_sapling":1},"minecraft:picked_up":{"minecraft:nautilus_shell":1,"minecraft:enchanting_table":1,"minecraft:charcoal":4,"minecraft:magma_block":8,"minecraft:leather_chestplate":2,"minecraft:feather":2,"minecraft:cooked_beef":2,"minecraft:chainmail_boots":1,"minecraft:magma_cream":2,"minecraft:iron_trapdoor":1,"minecraft:leather":1,"minecraft:yellow_dye":1,"minecraft:copper_block":8,"minecraft:red_mushroom":1,"minecraft:potion":1,"minecraft:gold_block":1,"minecraft:enchanted_book":5,"minecraft:packed_mud":64,"minecraft:yellow_glazed_terracotta":1,"minecraft:ancient_debris":16,"minecraft:dragon_breath":64,"minecraft:lapis_lazuli":52,"minecraft:string":8,"minecraft:dirt":5,"minecraft:paper":1,"minecraft:elytra":1,"minecraft:raw_copper":8,"minecraft:name_tag":1,"minecraft:netherite_scrap":1,"minecraft:bone":3,"minecraft:magenta_wool":1,"minecraft:beetroot":3,"minecraft:apple":2,"minecraft:sea_pickle":9,"minecraft:wheat_seeds":4,"minecraft:red_sand":32,"minecraft:deepslate_emerald_ore":1,"minecraft:warped_stem":16,"minecraft:heart_of_the_sea":1,"minecraft:turtle_scute":2,"minecraft:echo_shard":4,"minecraft:cooked_chicken":2,"minecraft:red_dye":1,"minecraft:player_head":2,"minecraft:minecart":1,"minecraft:glowstone_dust":5,"minecraft:powered_rail":16,"minecraft:melon_slice":5,"minecraft:stone_hoe":1,"minecraft:honeycomb":4,"minecraft:phantom_membrane":16,"minecraft:egg":2,"minecraft:book":1,"minecraft:sculk_catalyst":8,"minecraft:tipped_arrow":1,"minecraft:dark_oak_sapling":1,"minecraft:stick":1,"minecraft:end_stone":1,"minecraft:milk_bucket":1,"minecraft:pumpkin":3,"minecraft:copper_ingot":2,"minecraft:red_wool":1,"minecraft:torch":8,"minecraft:acacia_log":16,"minecraft:sand":32,"minecraft:melon":8,"minecraft:carrot":4,"minecraft:end_crystal":1,"minecraft:crying_obsidian":6,"minecraft:spectral_arrow":1,"minecraft:gray_shulker_box":1,"minecraft:spider_eye":3,"minecraft:barrel":2,"minecraft:firework_rocket":128,"minecraft:sculk_sensor":3,"minecraft:arrow":27,"minecraft:clay":64,"minecraft:rotten_flesh":14,"minecraft:slime_ball":8,"minecraft:cooked_cod":2,"minecraft:tropical_fish":16,"minecraft:iron_helmet":1,"minecraft:armadillo_scute":1,"minecraft:breeze_rod":3,"minecraft:carved_pumpkin":8,"minecraft:bone_meal":64,"minecraft:glowstone":4,"minecraft:end_rod":4,"minecraft:totem_of_undying":1,"minecraft:chainmail_helmet":1,"minecraft:lodestone":1,"minecraft:white_shulker_box":1,"minecraft:blaze_rod":8,"minecraft:obsidian":4,"minecraft:shulker_shell":16,"minecraft:ominous_trial_key":1,"minecraft:cod":4,"minecraft:white_wool":64,"minecraft:rail":128,"minecraft:cobblestone":7,"minecraft:ender_pearl":14}},"DataVersion":3953}