{"stats":{"minecraft:killed_by":{"minecraft:player":1,"minecraft:zombie":5},"minecraft:mined":{"minecraft:dark_oak_leaves":1,"minecraft:dark_oak_log":4,"minecraft:grass_block":2,"minecraft:iron_ore":3,"minecraft:stone":39,"minecraft:medium_amethyst_bud":2,"minecraft:crafting_table":3,"minecraft:short_grass":5,"minecraft:amethyst_block":1,"minecraft:birch_leaves":9,"minecraft:coal_ore":8,"minecraft:gravel":1,"minecraft:dripstone_block":4,"minecraft:dirt":2,"minecraft:smooth_basalt":1,"minecraft:oak_leaves":4},"minecraft:dropped":{"minecraft:iron_ingot":9,"minecraft:wheat_seeds":2,"minecraft:crafting_table":1,"minecraft:amethyst_shard":24,"minecraft:iron_pickaxe":3,"minecraft:dark_oak_planks":53,"minecraft:smooth_basalt":3,"minecraft:rotten_flesh":2},"minecraft:killed":{"minecraft:skeleton":1,"minecraft:wandering_trader":1,"minecraft:trader_llama":1,"minecraft:zombie":1},"minecraft:custom":{"minecraft:mob_kills":4,"minecraft:interact_with_crafting_table":5,"minecraft:leave_game":12,"minecraft:time_since_death":2537,"minecraft:sprint_one_cm":78641,"minecraft:walk_one_cm":228489,"minecraft:damage_blocked_by_shield":139,"minecraft:drop":17,"minecraft:play_time":104907,"minecraft:deaths":9,"minecraft:sneak_time":890,"minecraft:walk_under_water_one_cm":2961,"minecraft:boat_one_cm":3156,"minecraft:jump":646,"minecraft:walk_on_water_one_cm":1876,"minecraft:total_world_time":104907,"minecraft:interact_with_furnace":8,"minecraft:time_since_rest":2734,"minecraft:damage_taken":2383,"minecraft:damage_dealt":850,"minecraft:fly_one_cm":42159,"minecraft:player_kills":1,"minecraft:crouch_one_cm":2309,"minecraft:fall_one_cm":22065,"minecraft:horse_one_cm":1556},"minecraft:crafted":{"minecraft:stone_pickaxe":1,"minecraft:dark_oak_planks":24,"minecraft:crafting_table":1,"minecraft:stone_axe":1,"minecraft:shield":1,"minecraft:stick":8,"minecraft:iron_ingot":10,"minecraft:stone_sword":1,"minecraft:torch":12},"minecraft:used":{"minecraft:stone_sword":3,"minecraft:shield":1,"minecraft:torch":18,"minecraft:dirt":1,"minecraft:egg":2,"minecraft:cooked_beef":2,"minecraft:dark_oak_sapling":1,"minecraft:stone_pickaxe":55,"minecraft:wooden_pickaxe":8,"minecraft:crafting_table":3,"minecraft:gravel":1,"minecraft:cobblestone":5},"minecraft:picked_up":{"minecraft:shulker_shell":16,"minecraft:charcoal":4,"minecraft:crafting_table":5,"minecraft:chainmail_boots":1,"minecraft:iron_trapdoor":1,"minecraft:wooden_pickaxe":4,"minecraft:potion":1,"minecraft:gold_block":1,"minecraft:enchanted_book":5,"minecraft:shield":2,"minecraft:dragon_breath":64,"minecraft:amethyst_block":1,"minecraft:string":8,"minecraft:elytra":1,"minecraft:raw_copper":8,"minecraft:netherite_scrap":1,"minecraft:magenta_wool":1,"minecraft:beetroot":3,"minecraft:sea_pickle":9,"minecraft:red_sand":32,"minecraft:echo_shard":4,"minecraft:red_dye":1,"minecraft:player_head":2,"minecraft:iron_pickaxe":3,"minecraft:minecart":1,"minecraft:melon_slice":5,"minecraft:phantom_membrane":16,"minecraft:egg":2,"minecraft:tipped_arrow":1,"minecraft:dark_oak_sapling":1,"minecraft:stick":11,"minecraft:raw_iron":4,"minecraft:end_stone":1,"minecraft:copper_ingot":2,"minecraft:torch":10,"minecraft:acacia_log":16,"minecraft:pointed_dripstone":1,"minecraft:carrot":4,"minecraft:end_crystal":1,"minecraft:gray_shulker_box":1,"minecraft:dark_oak_planks":53,"minecraft:stone_sword":2,"minecraft:arrow":27,"minecraft:rotten_flesh":42,"minecraft:cooked_cod":2,"minecraft:tropical_fish":16,"minecraft:armadillo_scute":1,"minecraft:carved_pumpkin":8,"minecraft:glowstone":4,"minecraft:totem_of_undying":1,"minecraft:end_rod":4,"minecraft:white_shulker_box":1,"minecraft:blaze_rod":8,"minecraft:obsidian":4,"minecraft:white_wool":64,"minecraft:cod":4,"minecraft:rail":128,"minecraft:cobblestone":139,"minecraft:nautilus_shell":1,"minecraft:enchanting_table":1,"minecraft:magma_block":8,"minecraft:leather_chestplate":2,"minecraft:feather":2,"minecraft:cooked_beef":3,"minecraft:magma_cream":2,"minecraft:dark_oak_boat":1,"minecraft:leather":4,"minecraft:yellow_dye":1,"minecraft:copper_block":8,"minecraft:red_mushroom":1,"minecraft:packed_mud":64,"minecraft:flint":12,"minecraft:yellow_glazed_terracotta":1,"minecraft:ancient_debris":16,"minecraft:gunpowder":16,"minecraft:lapis_lazuli":89,"minecraft:dirt":10,"minecraft:paper":1,"minecraft:name_tag":1,"minecraft:bone":3,"minecraft:apple":2,"minecraft:wheat_seeds":8,"minecraft:deepslate_emerald_ore":1,"minecraft:warped_stem":16,"minecraft:heart_of_the_sea":1,"minecraft:turtle_scute":2,"minecraft:stone_pickaxe":2,"minecraft:cooked_chicken":2,"minecraft:glowstone_dust":5,"minecraft:powered_rail":16,"minecraft:stone_hoe":1,"minecraft:honeycomb":4,"minecraft:book":1,"minecraft:sculk_catalyst":8,"minecraft:smooth_basalt":4,"minecraft:milk_bucket":1,"minecraft:pumpkin":3,"minecraft:red_wool":1,"minecraft:dripstone_block":3,"minecraft:gravel":6,"minecraft:sand":32,"minecraft:amethyst_shard":20,"minecraft:melon":8,"minecraft:barrel":2,"minecraft:crying_obsidian":6,"minecraft:spectral_arrow":1,"minecraft:dark_oak_log":4,"minecraft:spider_eye":3,"minecraft:firework_rocket":128,"minecraft:sculk_sensor":3,"minecraft:slime_ball":8,"minecraft:clay":64,"minecraft:stone_axe":3,"minecraft:iron_helmet":1,"minecraft:breeze_rod":3,"minecraft:bone_meal":64,"minecraft:chainmail_helmet":1,"minecraft:lodestone":1,"minecraft:coal":20,"minecraft:ominous_trial_key":1,"minecraft:ender_pearl":17}},"DataVersion":3953}