{"stats":{"minecraft:killed_by":{"minecraft:zombie":2},"minecraft:mined":{"minecraft:short_grass":2,"minecraft:grass_block":1,"minecraft:dark_oak_leaves":1,"minecraft:birch_leaves":9},"minecraft:killed":{"minecraft:skeleton":1},"minecraft:custom":{"minecraft:time_since_rest":4284,"minecraft:crouch_one_cm":1723,"minecraft:sprint_one_cm":44140,"minecraft:play_time":21729,"minecraft:walk_one_cm":67192,"minecraft:damage_taken":815,"minecraft:deaths":4,"minecraft:sneak_time":648,"minecraft:walk_under_water_one_cm":2154,"minecraft:mob_kills":1,"minecraft:jump":214,"minecraft:damage_dealt":194,"minecraft:leave_game":2,"minecraft:time_since_death":4252,"minecraft:walk_on_water_one_cm":290,"minecraft:total_world_time":21729,"minecraft:fall_one_cm":6713,"minecraft:fly_one_cm":23434},"minecraft:used":{"minecraft:dirt":1,"minecraft:egg":2},"minecraft:picked_up":{"minecraft:bone":3,"minecraft:arrow":10,"minecraft:rotten_flesh":5,"minecraft:wheat_seeds":1,"minecraft:dirt":1,"minecraft:egg":2}},"DataVersion":3953}