{"stats":{"minecraft:killed_by":{"minecraft:player":1,"minecraft:creeper":1,"minecraft:skeleton":1,"minecraft:zombie":8},"minecraft:dropped":{"minecraft:iron_ingot":9,"minecraft:wheat_seeds":2,"minecraft:diamond":2,"minecraft:crafting_table":1,"minecraft:amethyst_shard":24,"minecraft:iron_pickaxe":3,"minecraft:dark_oak_planks":53,"minecraft:smooth_basalt":3,"minecraft:rotten_flesh":2},"minecraft:used":{"minecraft:stone_sword":21,"minecraft:shield":2,"minecraft:torch":23,"minecraft:dirt":1,"minecraft:dark_oak_boat":2,"minecraft:egg":3,"minecraft:cooked_beef":2,"minecraft:dark_oak_sapling":1,"minecraft:stone_pickaxe":80,"minecraft:wooden_pickaxe":57,"minecraft:glow_berries":5,"minecraft:crafting_table":10,"minecraft:diamond_pickaxe":36,"minecraft:gravel":1,"minecraft:stone_axe":42,"minecraft:cobblestone":5,"minecraft:oak_boat":1},"minecraft:mined":{"minecraft:dark_oak_leaves":11,"minecraft:deepslate_diamond_ore":7,"minecraft:jungle_leaves":4,"minecraft:dark_oak_log":38,"minecraft:glow_lichen":1,"minecraft:grass_block":3,"minecraft:jungle_log":7,"minecraft:moss_block":7,"minecraft:iron_ore":17,"minecraft:deepslate_iron_ore":1,"minecraft:vine":7,"minecraft:stone":77,"minecraft:medium_amethyst_bud":2,"minecraft:clay":6,"minecraft:crafting_table":9,"minecraft:short_grass":11,"minecraft:tall_grass":1,"minecraft:cobblestone":11,"minecraft:deepslate_gold_ore":2,"minecraft:sugar_cane":2,"minecraft:diorite":4,"minecraft:amethyst_block":1,"minecraft:cobblestone_wall":1,"minecraft:birch_leaves":17,"minecraft:oak_log":8,"minecraft:coal_ore":19,"minecraft:gravel":1,"minecraft:dripstone_block":4,"minecraft:dirt":7,"minecraft:smooth_basalt":1,"minecraft:oak_leaves":15,"minecraft:deepslate":1},"minecraft:custom":{"minecraft:mob_kills":4,"minecraft:interact_with_crafting_table":15,"minecraft:leave_game":17,"minecraft:time_since_death":15323,"minecraft:climb_one_cm":12,"minecraft:sprint_one_cm":117208,"minecraft:walk_one_cm":383574,"minecraft:damage_blocked_by_shield":199,"minecraft:drop":19,"minecraft:play_time":157932,"minecraft:sneak_time":900,"minecraft:deaths":14,"minecraft:walk_under_water_one_cm":3086,"minecraft:boat_one_cm":169936,"minecraft:jump":1145,"minecraft:walk_on_water_one_cm":10120,"minecraft:total_world_time":157932,"minecraft:interact_with_furnace":8,"minecraft:time_since_rest":15392,"minecraft:damage_taken":3936,"minecraft:damage_dealt":981,"minecraft:fly_one_cm":70647,"minecraft:player_kills":1,"minecraft:crouch_one_cm":2412,"minecraft:fall_one_cm":32982,"minecraft:horse_one_cm":1556},"minecraft:picked_up":{"minecraft:shulker_shell":16,"minecraft:charcoal":4,"minecraft:crafting_table":11,"minecraft:chainmail_boots":1,"minecraft:iron_trapdoor":1,"minecraft:clay_ball":24,"minecraft:wooden_pickaxe":4,"minecraft:potion":1,"minecraft:gold_block":1,"minecraft:enchanted_book":5,"minecraft:shield":2,"minecraft:dragon_breath":64,"minecraft:amethyst_block":1,"minecraft:elytra":1,"minecraft:string":8,"minecraft:moss_carpet":2,"minecraft:raw_copper":8,"minecraft:netherite_scrap":1,"minecraft:magenta_wool":1,"minecraft:beetroot":3,"minecraft:sea_pickle":9,"minecraft:red_sand":32,"minecraft:cobbled_deepslate":1,"minecraft:echo_shard":4,"minecraft:red_dye":1,"minecraft:oak_boat":1,"minecraft:player_head":2,"minecraft:iron_pickaxe":3,"minecraft:minecart":1,"minecraft:melon_slice":5,"minecraft:sugar_cane":2,"minecraft:phantom_membrane":16,"minecraft:egg":3,"minecraft:tipped_arrow":1,"minecraft:dark_oak_sapling":1,"minecraft:stick":11,"minecraft:raw_iron":19,"minecraft:end_stone":1,"minecraft:copper_ingot":2,"minecraft:torch":10,"minecraft:acacia_log":16,"minecraft:pointed_dripstone":1,"minecraft:diorite":4,"minecraft:carrot":4,"minecraft:end_crystal":1,"minecraft:gray_shulker_box":1,"minecraft:dark_oak_planks":53,"minecraft:stone_sword":2,"minecraft:arrow":28,"minecraft:rotten_flesh":42,"minecraft:cooked_cod":2,"minecraft:tropical_fish":17,"minecraft:armadillo_scute":1,"minecraft:carved_pumpkin":8,"minecraft:glowstone":4,"minecraft:end_rod":4,"minecraft:totem_of_undying":1,"minecraft:white_shulker_box":1,"minecraft:blaze_rod":8,"minecraft:glow_berries":1,"minecraft:obsidian":4,"minecraft:white_wool":64,"minecraft:cod":4,"minecraft:rail":128,"minecraft:cobblestone":187,"minecraft:nautilus_shell":1,"minecraft:enchanting_table":1,"minecraft:magma_block":8,"minecraft:leather_chestplate":2,"minecraft:feather":2,"minecraft:cooked_beef":3,"minecraft:magma_cream":2,"minecraft:jungle_log":7,"minecraft:dark_oak_boat":3,"minecraft:leather":4,"minecraft:yellow_dye":1,"minecraft:copper_block":8,"minecraft:red_mushroom":1,"minecraft:packed_mud":64,"minecraft:flint":12,"minecraft:oak_log":8,"minecraft:yellow_glazed_terracotta":1,"minecraft:ancient_debris":16,"minecraft:gunpowder":16,"minecraft:cobblestone_wall":1,"minecraft:lapis_lazuli":89,"minecraft:dirt":16,"minecraft:paper":1,"minecraft:name_tag":1,"minecraft:bone":5,"minecraft:apple":2,"minecraft:wheat_seeds":10,"minecraft:warped_stem":16,"minecraft:deepslate_emerald_ore":1,"minecraft:raw_gold":2,"minecraft:cooked_chicken":2,"minecraft:heart_of_the_sea":1,"minecraft:turtle_scute":2,"minecraft:stone_pickaxe":2,"minecraft:glowstone_dust":5,"minecraft:powered_rail":16,"minecraft:moss_block":7,"minecraft:stone_hoe":1,"minecraft:honeycomb":4,"minecraft:book":1,"minecraft:sculk_catalyst":8,"minecraft:smooth_basalt":4,"minecraft:milk_bucket":1,"minecraft:pumpkin":3,"minecraft:red_wool":1,"minecraft:dripstone_block":3,"minecraft:gravel":6,"minecraft:sand":32,"minecraft:amethyst_shard":20,"minecraft:melon":8,"minecraft:crying_obsidian":6,"minecraft:spectral_arrow":1,"minecraft:dark_oak_log":34,"minecraft:spider_eye":3,"minecraft:barrel":2,"minecraft:firework_rocket":128,"minecraft:sculk_sensor":3,"minecraft:slime_ball":8,"minecraft:clay":64,"minecraft:diamond":9,"minecraft:stone_axe":3,"minecraft:iron_helmet":1,"minecraft:breeze_rod":3,"minecraft:bone_meal":64,"minecraft:chainmail_helmet":1,"minecraft:lodestone":1,"minecraft:ominous_trial_key":1,"minecraft:coal":30,"minecraft:ender_pearl":17},"minecraft:crafted":{"minecraft:oak_planks":24,"minecraft:dark_oak_boat":1,"minecraft:stone_pickaxe":3,"minecraft:dark_oak_planks":88,"minecraft:crafting_table":4,"minecraft:wooden_pickaxe":3,"minecraft:stone_axe":3,"minecraft:oak_boat":1,"minecraft:diamond_pickaxe":1,"minecraft:shield":1,"minecraft:stick":40,"minecraft:iron_ingot":10,"minecraft:stone_sword":3,"minecraft:torch":32},"minecraft:killed":{"minecraft:skeleton":1,"minecraft:wandering_trader":1,"minecraft:trader_llama":1,"minecraft:zombie":1}},"DataVersion":3953}