{"stats":{"minecraft:killed_by":{"minecraft:zombie":2},"minecraft:mined":{"minecraft:short_grass":2,"minecraft:grass_block":1,"minecraft:dark_oak_leaves":1,"minecraft:birch_leaves":9},"minecraft:dropped":{"minecraft:rotten_flesh":2},"minecraft:killed":{"minecraft:skeleton":1},"minecraft:custom":{"minecraft:time_since_rest":15976,"minecraft:damage_taken":815,"minecraft:crouch_one_cm":2133,"minecraft:sprint_one_cm":51831,"minecraft:play_time":33421,"minecraft:deaths":4,"minecraft:walk_one_cm":79430,"minecraft:sneak_time":741,"minecraft:walk_under_water_one_cm":2154,"minecraft:mob_kills":1,"minecraft:drop":2,"minecraft:jump":255,"minecraft:damage_dealt":266,"minecraft:leave_game":3,"minecraft:time_since_death":15944,"minecraft:walk_on_water_one_cm":290,"minecraft:total_world_time":33421,"minecraft:fall_one_cm":8176,"minecraft:fly_one_cm":28367},"minecraft:used":{"minecraft:dirt":1,"minecraft:egg":2},"minecraft:picked_up":{"minecraft:arrow":10,"minecraft:bone":3,"minecraft:rotten_flesh":9,"minecraft:wheat_seeds":2,"minecraft:dirt":1,"minecraft:egg":2}},"DataVersion":3953}