{"stats":{"minecraft:killed_by":{"minecraft:skeleton":3,"minecraft:creeper":1,"minecraft:zombie":4},"minecraft:dropped":{"minecraft:stone_axe":1,"minecraft:wheat_seeds":1,"minecraft:lapis_lazuli":2,"minecraft:stone_sword":2,"minecraft:ender_pearl":1,"minecraft:diamond":3,"minecraft:rotten_flesh":6,"minecraft:leather":2,"minecraft:tropical_fish":1,"minecraft:shield":1,"minecraft:wooden_pickaxe":1,"minecraft:iron_pickaxe":1},"minecraft:broken":{"minecraft:stone_pickaxe":1},"minecraft:used":{"minecraft:calcite":2,"minecraft:moss_carpet":3,"minecraft:water_bucket":2,"minecraft:stone_sword":5,"minecraft:stone_pickaxe":131,"minecraft:wooden_pickaxe":9,"minecraft:shield":14,"minecraft:rotten_flesh":6,"minecraft:iron_chestplate":1,"minecraft:dirt":13,"minecraft:crafting_table":5,"minecraft:blast_furnace":1,"minecraft:granite":5,"minecraft:iron_axe":22,"minecraft:iron_pickaxe":195,"minecraft:smooth_basalt":3,"minecraft:stone_axe":38,"minecraft:cobblestone":54,"minecraft:furnace":2,"minecraft:bucket":3,"minecraft:egg":1,"minecraft:cooked_beef":9,"minecraft:cobbled_deepslate":24,"minecraft:iron_leggings":1},"minecraft:custom":{"minecraft:interact_with_furnace":15,"minecraft:mob_kills":13,"minecraft:interact_with_crafting_table":17,"minecraft:leave_game":4,"minecraft:time_since_death":41544,"minecraft:climb_one_cm":8,"minecraft:time_since_rest":41569,"minecraft:sprint_one_cm":139433,"minecraft:damage_taken":3275,"minecraft:walk_one_cm":164567,"minecraft:damage_blocked_by_shield":672,"minecraft:drop":17,"minecraft:damage_dealt":2820,"minecraft:swim_one_cm":2621,"minecraft:talked_to_villager":2,"minecraft:fly_one_cm":162613,"minecraft:crouch_one_cm":39627,"minecraft:play_time":150848,"minecraft:deaths":12,"minecraft:sneak_time":30914,"minecraft:walk_under_water_one_cm":4750,"minecraft:boat_one_cm":7,"minecraft:jump":1542,"minecraft:interact_with_blast_furnace":4,"minecraft:walk_on_water_one_cm":12401,"minecraft:total_world_time":150848,"minecraft:fall_one_cm":39991,"minecraft:horse_one_cm":573},"minecraft:mined":{"minecraft:deepslate_redstone_ore":3,"minecraft:diamond_ore":2,"minecraft:dark_oak_leaves":1,"minecraft:deepslate_diamond_ore":32,"minecraft:amethyst_cluster":5,"minecraft:dark_oak_log":36,"minecraft:crafting_table":5,"minecraft:granite":5,"minecraft:short_grass":2,"minecraft:blast_furnace":1,"minecraft:calcite":2,"minecraft:cobblestone":1,"minecraft:deepslate_gold_ore":25,"minecraft:lapis_ore":5,"minecraft:big_dripleaf":1,"minecraft:amethyst_block":6,"minecraft:furnace":1,"minecraft:iron_ore":12,"minecraft:cobbled_deepslate":4,"minecraft:deepslate_lapis_ore":5,"minecraft:pointed_dripstone":4,"minecraft:coal_ore":29,"minecraft:deepslate_iron_ore":45,"minecraft:gravel":6,"minecraft:dirt":10,"minecraft:smooth_basalt":2,"minecraft:stone":100,"minecraft:oak_leaves":1,"minecraft:deepslate":45},"minecraft:picked_up":{"minecraft:crafting_table":11,"minecraft:cooked_beef":18,"minecraft:glow_ink_sac":22,"minecraft:water_bucket":1,"minecraft:leather":13,"minecraft:dark_oak_boat":3,"minecraft:lead":3,"minecraft:wooden_pickaxe":1,"minecraft:flint":9,"minecraft:shield":4,"minecraft:gunpowder":18,"minecraft:amethyst_block":19,"minecraft:lapis_lazuli":134,"minecraft:dirt":15,"minecraft:moss_carpet":3,"minecraft:bone":5,"minecraft:bow":1,"minecraft:wheat_seeds":1,"minecraft:cobbled_deepslate":47,"minecraft:raw_gold":25,"minecraft:bucket":1,"minecraft:iron_ingot":27,"minecraft:beef":1,"minecraft:stone_pickaxe":2,"minecraft:calcite":4,"minecraft:iron_pickaxe":3,"minecraft:moss_block":4,"minecraft:furnace":1,"minecraft:egg":1,"minecraft:stick":6,"minecraft:raw_iron":57,"minecraft:smooth_basalt":11,"minecraft:big_dripleaf":2,"minecraft:torch":6,"minecraft:dripstone_block":5,"minecraft:gravel":15,"minecraft:amethyst_shard":44,"minecraft:blast_furnace":1,"minecraft:pointed_dripstone":9,"minecraft:redstone":13,"minecraft:dark_oak_log":76,"minecraft:dark_oak_planks":90,"minecraft:stone_sword":5,"minecraft:arrow":3,"minecraft:rotten_flesh":31,"minecraft:diamond":36,"minecraft:tropical_fish":1,"minecraft:stone_axe":2,"minecraft:granite":5,"minecraft:glow_berries":2,"minecraft:coal":63,"minecraft:cobblestone":345,"minecraft:ender_pearl":1},"minecraft:crafted":{"minecraft:smooth_stone":3,"minecraft:crafting_table":1,"minecraft:wooden_pickaxe":1,"minecraft:iron_helmet":1,"minecraft:furnace":3,"minecraft:blast_furnace":1,"minecraft:stone":3,"minecraft:bucket":1,"minecraft:stone_axe":1,"minecraft:air":0,"minecraft:iron_boots":1,"minecraft:iron_chestplate":1,"minecraft:shield":1,"minecraft:iron_axe":1,"minecraft:stick":28,"minecraft:iron_ingot":33,"minecraft:iron_pickaxe":1,"minecraft:stone_pickaxe":1,"minecraft:iron_leggings":1,"minecraft:dark_oak_planks":36},"minecraft:killed":{"minecraft:creeper":2,"minecraft:skeleton":4,"minecraft:zombie":4,"minecraft:enderman":1,"minecraft:cow":1}},"DataVersion":3953}