{"stats":{"minecraft:killed_by":{"minecraft:skeleton":3,"minecraft:creeper":1,"minecraft:zombie":1},"minecraft:mined":{"minecraft:short_grass":1,"minecraft:oak_leaves":1},"minecraft:dropped":{"minecraft:rotten_flesh":6,"minecraft:leather":2,"minecraft:wheat_seeds":1},"minecraft:killed":{"minecraft:zombie":2},"minecraft:custom":{"minecraft:time_since_rest":26286,"minecraft:crouch_one_cm":10425,"minecraft:play_time":80671,"minecraft:sprint_one_cm":31529,"minecraft:walk_one_cm":62153,"minecraft:damage_taken":1807,"minecraft:deaths":9,"minecraft:sneak_time":19500,"minecraft:mob_kills":3,"minecraft:drop":4,"minecraft:jump":433,"minecraft:damage_dealt":328,"minecraft:leave_game":1,"minecraft:time_since_death":22789,"minecraft:total_world_time":80671,"minecraft:talked_to_villager":2,"minecraft:fall_one_cm":12440,"minecraft:fly_one_cm":37540,"minecraft:horse_one_cm":573},"minecraft:picked_up":{"minecraft:rotten_flesh":14,"minecraft:leather":2,"minecraft:lead":2,"minecraft:wheat_seeds":1,"minecraft:egg":1},"minecraft:used":{"minecraft:rotten_flesh":4,"minecraft:egg":1}},"DataVersion":3953}