{"stats":{"minecraft:killed_by":{"minecraft:creeper":1,"minecraft:skeleton":3,"minecraft:zombie":4},"minecraft:dropped":{"minecraft:moss_block":4,"minecraft:wheat_seeds":1,"minecraft:lapis_lazuli":2,"minecraft:ender_pearl":1,"minecraft:diamond":4,"minecraft:dripstone_block":5,"minecraft:glow_berries":2,"minecraft:leather":2,"minecraft:tropical_fish":1,"minecraft:flint":25,"minecraft:torch":2,"minecraft:amethyst_shard":28,"minecraft:iron_pickaxe":1,"minecraft:iron_shovel":1,"minecraft:redstone":34,"minecraft:stone_axe":1,"minecraft:stone_sword":2,"minecraft:stone_shovel":1,"minecraft:rotten_flesh":6,"minecraft:big_dripleaf":4,"minecraft:shield":1,"minecraft:andesite":9,"minecraft:bow":1,"minecraft:wooden_pickaxe":1},"minecraft:broken":{"minecraft:stone_pickaxe":1},"minecraft:used":{"minecraft:moss_carpet":3,"minecraft:stone_sword":5,"minecraft:iron_shovel":247,"minecraft:stone_shovel":1,"minecraft:shield":14,"minecraft:rotten_flesh":6,"minecraft:iron_chestplate":1,"minecraft:dirt":20,"minecraft:granite":5,"minecraft:axolotl_bucket":1,"minecraft:iron_axe":49,"minecraft:smooth_basalt":3,"minecraft:oak_sapling":3,"minecraft:furnace":2,"minecraft:egg":2,"minecraft:cooked_beef":12,"minecraft:cobbled_deepslate":33,"minecraft:iron_leggings":1,"minecraft:calcite":2,"minecraft:water_bucket":3,"minecraft:stone_pickaxe":131,"minecraft:wooden_pickaxe":9,"minecraft:blue_bed":2,"minecraft:crafting_table":6,"minecraft:blast_furnace":1,"minecraft:bread":3,"minecraft:iron_pickaxe":248,"minecraft:gravel":243,"minecraft:stone_axe":38,"minecraft:cobblestone":54,"minecraft:bucket":5},"minecraft:custom":{"minecraft:mob_kills":31,"minecraft:interact_with_crafting_table":22,"minecraft:leave_game":4,"minecraft:time_since_death":88640,"minecraft:climb_one_cm":396,"minecraft:sprint_one_cm":230731,"minecraft:walk_one_cm":266280,"minecraft:damage_blocked_by_shield":672,"minecraft:drop":31,"minecraft:talked_to_villager":2,"minecraft:play_time":197944,"minecraft:deaths":12,"minecraft:sneak_time":33781,"minecraft:walk_under_water_one_cm":5497,"minecraft:boat_one_cm":7,"minecraft:jump":2535,"minecraft:interact_with_blast_furnace":4,"minecraft:walk_on_water_one_cm":13336,"minecraft:total_world_time":197944,"minecraft:interact_with_furnace":15,"minecraft:sleep_in_bed":2,"minecraft:time_since_rest":21062,"minecraft:damage_taken":3355,"minecraft:damage_dealt":4520,"minecraft:swim_one_cm":6682,"minecraft:fly_one_cm":366723,"minecraft:open_chest":2,"minecraft:crouch_one_cm":52926,"minecraft:fall_one_cm":70052,"minecraft:horse_one_cm":573},"minecraft:mined":{"minecraft:diamond_ore":2,"minecraft:dark_oak_leaves":1,"minecraft:deepslate_diamond_ore":32,"minecraft:dark_oak_log":36,"minecraft:brewing_stand":1,"minecraft:granite":5,"minecraft:grass_block":3,"minecraft:furnace":1,"minecraft:cobbled_deepslate":4,"minecraft:iron_ore":25,"minecraft:andesite":9,"minecraft:deepslate_lapis_ore":5,"minecraft:pointed_dripstone":4,"minecraft:deepslate_iron_ore":45,"minecraft:stone":101,"minecraft:deepslate_redstone_ore":3,"minecraft:amethyst_cluster":5,"minecraft:crafting_table":6,"minecraft:cornflower":1,"minecraft:short_grass":5,"minecraft:blast_furnace":1,"minecraft:calcite":2,"minecraft:tall_grass":10,"minecraft:cobblestone":1,"minecraft:lapis_ore":5,"minecraft:deepslate_gold_ore":25,"minecraft:blue_bed":1,"minecraft:amethyst_block":6,"minecraft:big_dripleaf":1,"minecraft:coal_ore":58,"minecraft:gravel":249,"minecraft:dirt":16,"minecraft:smooth_basalt":2,"minecraft:oak_leaves":1,"minecraft:deepslate":45},"minecraft:picked_up":{"minecraft:crafting_table":12,"minecraft:lead":3,"minecraft:wooden_pickaxe":1,"minecraft:brewing_stand":1,"minecraft:shield":4,"minecraft:amethyst_block":19,"minecraft:cornflower":1,"minecraft:moss_carpet":3,"minecraft:iron_shovel":1,"minecraft:cobbled_deepslate":47,"minecraft:bucket":1,"minecraft:beef":5,"minecraft:calcite":4,"minecraft:poppy":1,"minecraft:iron_pickaxe":3,"minecraft:egg":2,"minecraft:furnace":1,"minecraft:raw_iron":70,"minecraft:stick":7,"minecraft:big_dripleaf":2,"minecraft:torch":6,"minecraft:porkchop":15,"minecraft:pointed_dripstone":9,"minecraft:redstone":30,"minecraft:dark_oak_planks":90,"minecraft:stone_shovel":2,"minecraft:stone_sword":5,"minecraft:arrow":3,"minecraft:rotten_flesh":31,"minecraft:tropical_fish":1,"minecraft:glow_berries":2,"minecraft:mutton":9,"minecraft:white_wool":6,"minecraft:cobblestone":346,"minecraft:cooked_beef":18,"minecraft:glow_ink_sac":22,"minecraft:water_bucket":1,"minecraft:andesite":9,"minecraft:leather":20,"minecraft:dark_oak_boat":3,"minecraft:flint":34,"minecraft:gunpowder":18,"minecraft:blue_bed":1,"minecraft:dirt":24,"minecraft:lapis_lazuli":134,"minecraft:bone":5,"minecraft:bow":1,"minecraft:wheat_seeds":1,"minecraft:raw_gold":25,"minecraft:stone_pickaxe":2,"minecraft:iron_ingot":27,"minecraft:moss_block":4,"minecraft:smooth_basalt":11,"minecraft:gravel":253,"minecraft:dripstone_block":5,"minecraft:amethyst_shard":72,"minecraft:blast_furnace":1,"minecraft:dark_oak_log":76,"minecraft:diamond":37,"minecraft:stone_axe":2,"minecraft:granite":5,"minecraft:bread":5,"minecraft:oak_sapling":1,"minecraft:coal":92,"minecraft:ender_pearl":1},"minecraft:crafted":{"minecraft:smooth_stone":3,"minecraft:furnace":3,"minecraft:blast_furnace":1,"minecraft:stone":3,"minecraft:iron_boots":1,"minecraft:iron_axe":1,"minecraft:stone_pickaxe":1,"minecraft:dark_oak_planks":36,"minecraft:crafting_table":1,"minecraft:wooden_pickaxe":1,"minecraft:iron_helmet":1,"minecraft:blue_bed":1,"minecraft:bucket":1,"minecraft:stone_axe":1,"minecraft:air":0,"minecraft:blue_dye":1,"minecraft:iron_chestplate":1,"minecraft:shield":1,"minecraft:stick":28,"minecraft:iron_ingot":33,"minecraft:iron_pickaxe":1,"minecraft:iron_shovel":1,"minecraft:iron_leggings":1,"minecraft:white_bed":1},"minecraft:killed":{"minecraft:skeleton":4,"minecraft:pig":6,"minecraft:creeper":2,"minecraft:sheep":5,"minecraft:zombie":4,"minecraft:cow":8,"minecraft:enderman":1}},"DataVersion":3953}