{"stats":{"minecraft:killed_by":{"minecraft:skeleton":2,"minecraft:creeper":1,"minecraft:zombie":1},"minecraft:mined":{"minecraft:short_grass":1,"minecraft:oak_leaves":1},"minecraft:dropped":{"minecraft:rotten_flesh":6,"minecraft:wheat_seeds":1},"minecraft:killed":{"minecraft:zombie":1},"minecraft:custom":{"minecraft:time_since_rest":7119,"minecraft:crouch_one_cm":8447,"minecraft:play_time":50671,"minecraft:sprint_one_cm":25579,"minecraft:walk_one_cm":27914,"minecraft:damage_taken":1429,"minecraft:deaths":8,"minecraft:sneak_time":11520,"minecraft:mob_kills":2,"minecraft:drop":2,"minecraft:jump":330,"minecraft:damage_dealt":240,"minecraft:leave_game":1,"minecraft:time_since_death":7086,"minecraft:total_world_time":50671,"minecraft:fall_one_cm":11395,"minecraft:fly_one_cm":32137},"minecraft:picked_up":{"minecraft:rotten_flesh":14,"minecraft:wheat_seeds":1,"minecraft:egg":1},"minecraft:used":{"minecraft:rotten_flesh":4,"minecraft:egg":1}},"DataVersion":3953}