{"stats":{"minecraft:killed_by":{"minecraft:skeleton":3,"minecraft:creeper":1,"minecraft:zombie":1},"minecraft:mined":{"minecraft:short_grass":1,"minecraft:oak_leaves":1},"minecraft:dropped":{"minecraft:rotten_flesh":6,"minecraft:wheat_seeds":1},"minecraft:killed":{"minecraft:zombie":2},"minecraft:custom":{"minecraft:time_since_rest":14286,"minecraft:crouch_one_cm":10420,"minecraft:play_time":68671,"minecraft:sprint_one_cm":30171,"minecraft:walk_one_cm":54233,"minecraft:damage_taken":1807,"minecraft:deaths":9,"minecraft:sneak_time":19497,"minecraft:mob_kills":3,"minecraft:drop":2,"minecraft:jump":421,"minecraft:damage_dealt":328,"minecraft:leave_game":1,"minecraft:time_since_death":10789,"minecraft:total_world_time":68671,"minecraft:talked_to_villager":1,"minecraft:fall_one_cm":12440,"minecraft:fly_one_cm":37200,"minecraft:horse_one_cm":573},"minecraft:picked_up":{"minecraft:rotten_flesh":14,"minecraft:lead":2,"minecraft:wheat_seeds":1,"minecraft:egg":1},"minecraft:used":{"minecraft:rotten_flesh":4,"minecraft:egg":1}},"DataVersion":3953}