{"stats":{"minecraft:killed_by":{"minecraft:skeleton":3,"minecraft:creeper":1,"minecraft:zombie":4},"minecraft:dropped":{"minecraft:stone_axe":1,"minecraft:moss_block":4,"minecraft:wheat_seeds":1,"minecraft:lapis_lazuli":2,"minecraft:stone_sword":2,"minecraft:ender_pearl":1,"minecraft:diamond":3,"minecraft:glow_berries":2,"minecraft:rotten_flesh":6,"minecraft:leather":2,"minecraft:tropical_fish":1,"minecraft:big_dripleaf":4,"minecraft:shield":1,"minecraft:torch":2,"minecraft:andesite":9,"minecraft:bow":1,"minecraft:wooden_pickaxe":1,"minecraft:iron_pickaxe":1,"minecraft:redstone":34},"minecraft:broken":{"minecraft:stone_pickaxe":1},"minecraft:used":{"minecraft:calcite":2,"minecraft:moss_carpet":3,"minecraft:water_bucket":2,"minecraft:stone_sword":5,"minecraft:stone_pickaxe":131,"minecraft:wooden_pickaxe":9,"minecraft:shield":14,"minecraft:rotten_flesh":6,"minecraft:iron_chestplate":1,"minecraft:dirt":13,"minecraft:crafting_table":6,"minecraft:blast_furnace":1,"minecraft:granite":5,"minecraft:iron_axe":35,"minecraft:iron_pickaxe":247,"minecraft:smooth_basalt":3,"minecraft:stone_axe":38,"minecraft:cobblestone":54,"minecraft:furnace":2,"minecraft:bucket":3,"minecraft:egg":1,"minecraft:cooked_beef":11,"minecraft:cobbled_deepslate":24,"minecraft:iron_leggings":1},"minecraft:custom":{"minecraft:interact_with_furnace":15,"minecraft:mob_kills":26,"minecraft:interact_with_crafting_table":19,"minecraft:leave_game":4,"minecraft:time_since_death":52640,"minecraft:climb_one_cm":8,"minecraft:time_since_rest":52665,"minecraft:sprint_one_cm":174789,"minecraft:damage_taken":3295,"minecraft:walk_one_cm":176363,"minecraft:damage_blocked_by_shield":672,"minecraft:drop":25,"minecraft:damage_dealt":4020,"minecraft:swim_one_cm":6682,"minecraft:talked_to_villager":2,"minecraft:fly_one_cm":214229,"minecraft:crouch_one_cm":43458,"minecraft:play_time":161944,"minecraft:deaths":12,"minecraft:sneak_time":32014,"minecraft:walk_under_water_one_cm":5497,"minecraft:boat_one_cm":7,"minecraft:jump":1895,"minecraft:interact_with_blast_furnace":4,"minecraft:walk_on_water_one_cm":13239,"minecraft:total_world_time":161944,"minecraft:fall_one_cm":45840,"minecraft:horse_one_cm":573},"minecraft:mined":{"minecraft:deepslate_redstone_ore":3,"minecraft:diamond_ore":2,"minecraft:dark_oak_leaves":1,"minecraft:deepslate_diamond_ore":32,"minecraft:amethyst_cluster":5,"minecraft:dark_oak_log":36,"minecraft:cornflower":1,"minecraft:crafting_table":5,"minecraft:granite":5,"minecraft:short_grass":2,"minecraft:blast_furnace":1,"minecraft:calcite":2,"minecraft:cobblestone":1,"minecraft:deepslate_gold_ore":25,"minecraft:lapis_ore":5,"minecraft:big_dripleaf":1,"minecraft:amethyst_block":6,"minecraft:furnace":1,"minecraft:iron_ore":25,"minecraft:cobbled_deepslate":4,"minecraft:andesite":9,"minecraft:deepslate_lapis_ore":5,"minecraft:pointed_dripstone":4,"minecraft:coal_ore":58,"minecraft:deepslate_iron_ore":45,"minecraft:gravel":6,"minecraft:dirt":10,"minecraft:smooth_basalt":2,"minecraft:stone":101,"minecraft:oak_leaves":1,"minecraft:deepslate":45},"minecraft:picked_up":{"minecraft:crafting_table":11,"minecraft:cooked_beef":18,"minecraft:glow_ink_sac":22,"minecraft:water_bucket":1,"minecraft:andesite":9,"minecraft:leather":20,"minecraft:dark_oak_boat":3,"minecraft:lead":3,"minecraft:wooden_pickaxe":1,"minecraft:flint":9,"minecraft:shield":4,"minecraft:gunpowder":18,"minecraft:amethyst_block":19,"minecraft:cornflower":1,"minecraft:lapis_lazuli":134,"minecraft:dirt":15,"minecraft:moss_carpet":3,"minecraft:bone":5,"minecraft:bow":1,"minecraft:wheat_seeds":1,"minecraft:cobbled_deepslate":47,"minecraft:raw_gold":25,"minecraft:bucket":1,"minecraft:iron_ingot":27,"minecraft:beef":5,"minecraft:stone_pickaxe":2,"minecraft:calcite":4,"minecraft:poppy":1,"minecraft:iron_pickaxe":3,"minecraft:moss_block":4,"minecraft:furnace":1,"minecraft:egg":1,"minecraft:stick":6,"minecraft:raw_iron":70,"minecraft:smooth_basalt":11,"minecraft:big_dripleaf":2,"minecraft:torch":6,"minecraft:dripstone_block":5,"minecraft:gravel":15,"minecraft:porkchop":4,"minecraft:amethyst_shard":44,"minecraft:blast_furnace":1,"minecraft:pointed_dripstone":9,"minecraft:redstone":30,"minecraft:dark_oak_log":76,"minecraft:dark_oak_planks":90,"minecraft:stone_sword":5,"minecraft:arrow":3,"minecraft:rotten_flesh":31,"minecraft:diamond":36,"minecraft:tropical_fish":1,"minecraft:stone_axe":2,"minecraft:granite":5,"minecraft:white_wool":6,"minecraft:mutton":9,"minecraft:glow_berries":2,"minecraft:coal":92,"minecraft:cobblestone":346,"minecraft:ender_pearl":1},"minecraft:crafted":{"minecraft:smooth_stone":3,"minecraft:crafting_table":1,"minecraft:wooden_pickaxe":1,"minecraft:iron_helmet":1,"minecraft:furnace":3,"minecraft:blast_furnace":1,"minecraft:stone":3,"minecraft:bucket":1,"minecraft:stone_axe":1,"minecraft:air":0,"minecraft:iron_boots":1,"minecraft:iron_chestplate":1,"minecraft:shield":1,"minecraft:iron_axe":1,"minecraft:stick":28,"minecraft:iron_ingot":33,"minecraft:iron_pickaxe":1,"minecraft:stone_pickaxe":1,"minecraft:iron_leggings":1,"minecraft:dark_oak_planks":36},"minecraft:killed":{"minecraft:pig":1,"minecraft:creeper":2,"minecraft:sheep":5,"minecraft:skeleton":4,"minecraft:zombie":4,"minecraft:enderman":1,"minecraft:cow":8}},"DataVersion":3953}