{"stats":{"minecraft:broken":{"minecraft:stone_pickaxe":1},"minecraft:killed_by":{"minecraft:skeleton":3,"minecraft:creeper":1,"minecraft:zombie":4},"minecraft:mined":{"minecraft:deepslate_redstone_ore":3,"minecraft:dark_oak_leaves":1,"minecraft:amethyst_cluster":4,"minecraft:dark_oak_log":36,"minecraft:crafting_table":3,"minecraft:granite":5,"minecraft:short_grass":1,"minecraft:calcite":2,"minecraft:lapis_ore":5,"minecraft:amethyst_block":6,"minecraft:iron_ore":8,"minecraft:pointed_dripstone":2,"minecraft:coal_ore":29,"minecraft:gravel":6,"minecraft:dirt":10,"minecraft:smooth_basalt":2,"minecraft:stone":92,"minecraft:oak_leaves":1},"minecraft:dropped":{"minecraft:stone_axe":1,"minecraft:wheat_seeds":1,"minecraft:lapis_lazuli":2,"minecraft:stone_sword":2,"minecraft:ender_pearl":1,"minecraft:rotten_flesh":6,"minecraft:leather":2,"minecraft:shield":1,"minecraft:wooden_pickaxe":1},"minecraft:killed":{"minecraft:zombie":3,"minecraft:enderman":1,"minecraft:cow":1},"minecraft:custom":{"minecraft:interact_with_furnace":8,"minecraft:mob_kills":6,"minecraft:interact_with_crafting_table":12,"minecraft:leave_game":1,"minecraft:time_since_death":7367,"minecraft:time_since_rest":7392,"minecraft:sprint_one_cm":91920,"minecraft:damage_taken":2924,"minecraft:walk_one_cm":121447,"minecraft:damage_blocked_by_shield":253,"minecraft:drop":12,"minecraft:damage_dealt":1204,"minecraft:swim_one_cm":573,"minecraft:talked_to_villager":2,"minecraft:fly_one_cm":89663,"minecraft:crouch_one_cm":24584,"minecraft:play_time":116671,"minecraft:deaths":12,"minecraft:sneak_time":25237,"minecraft:walk_under_water_one_cm":1336,"minecraft:boat_one_cm":7,"minecraft:jump":964,"minecraft:walk_on_water_one_cm":4943,"minecraft:total_world_time":116671,"minecraft:fall_one_cm":24618,"minecraft:horse_one_cm":573},"minecraft:crafted":{"minecraft:crafting_table":1,"minecraft:wooden_pickaxe":1,"minecraft:furnace":1,"minecraft:bucket":1,"minecraft:stone_axe":1,"minecraft:air":0,"minecraft:shield":1,"minecraft:iron_axe":1,"minecraft:stick":28,"minecraft:iron_ingot":5,"minecraft:iron_pickaxe":1,"minecraft:stone_pickaxe":1,"minecraft:dark_oak_planks":36},"minecraft:picked_up":{"minecraft:crafting_table":9,"minecraft:cooked_beef":18,"minecraft:water_bucket":1,"minecraft:leather":13,"minecraft:dark_oak_boat":3,"minecraft:lead":3,"minecraft:wooden_pickaxe":1,"minecraft:flint":9,"minecraft:shield":4,"minecraft:gunpowder":16,"minecraft:amethyst_block":19,"minecraft:lapis_lazuli":106,"minecraft:dirt":15,"minecraft:wheat_seeds":1,"minecraft:bucket":1,"minecraft:beef":1,"minecraft:iron_ingot":21,"minecraft:stone_pickaxe":2,"minecraft:calcite":4,"minecraft:iron_pickaxe":2,"minecraft:egg":1,"minecraft:stick":6,"minecraft:raw_iron":8,"minecraft:smooth_basalt":11,"minecraft:torch":6,"minecraft:dripstone_block":5,"minecraft:gravel":15,"minecraft:amethyst_shard":40,"minecraft:pointed_dripstone":4,"minecraft:redstone":13,"minecraft:dark_oak_log":76,"minecraft:dark_oak_planks":90,"minecraft:stone_sword":5,"minecraft:rotten_flesh":29,"minecraft:stone_axe":2,"minecraft:granite":5,"minecraft:glow_berries":2,"minecraft:coal":52,"minecraft:ender_pearl":1,"minecraft:cobblestone":337},"minecraft:used":{"minecraft:calcite":2,"minecraft:water_bucket":2,"minecraft:stone_sword":5,"minecraft:stone_pickaxe":131,"minecraft:shield":8,"minecraft:wooden_pickaxe":9,"minecraft:rotten_flesh":4,"minecraft:dirt":13,"minecraft:crafting_table":3,"minecraft:granite":5,"minecraft:iron_axe":1,"minecraft:iron_pickaxe":18,"minecraft:smooth_basalt":3,"minecraft:stone_axe":38,"minecraft:cobblestone":22,"minecraft:furnace":1,"minecraft:bucket":3,"minecraft:egg":1,"minecraft:cooked_beef":5}},"DataVersion":3953}