{"stats":{"minecraft:killed_by":{"minecraft:skeleton":2,"minecraft:zombie":1},"minecraft:mined":{"minecraft:short_grass":1,"minecraft:oak_leaves":1},"minecraft:dropped":{"minecraft:rotten_flesh":6,"minecraft:wheat_seeds":1},"minecraft:killed":{"minecraft:zombie":1},"minecraft:custom":{"minecraft:time_since_rest":412,"minecraft:crouch_one_cm":5088,"minecraft:play_time":38671,"minecraft:sprint_one_cm":25502,"minecraft:walk_one_cm":24893,"minecraft:damage_taken":1148,"minecraft:deaths":6,"minecraft:sneak_time":1438,"minecraft:mob_kills":2,"minecraft:drop":2,"minecraft:jump":313,"minecraft:damage_dealt":220,"minecraft:leave_game":1,"minecraft:time_since_death":383,"minecraft:total_world_time":38671,"minecraft:fall_one_cm":9913,"minecraft:fly_one_cm":31894},"minecraft:picked_up":{"minecraft:rotten_flesh":14,"minecraft:wheat_seeds":1,"minecraft:egg":1},"minecraft:used":{"minecraft:rotten_flesh":4,"minecraft:egg":1}},"DataVersion":3953}