{"stats":{"minecraft:killed_by":{"minecraft:skeleton":3,"minecraft:creeper":1,"minecraft:zombie":1},"minecraft:mined":{"minecraft:dark_oak_log":36,"minecraft:crafting_table":1,"minecraft:short_grass":1,"minecraft:dirt":10,"minecraft:gravel":6,"minecraft:stone":45,"minecraft:oak_leaves":1},"minecraft:dropped":{"minecraft:wheat_seeds":1,"minecraft:rotten_flesh":6,"minecraft:leather":2,"minecraft:wooden_pickaxe":1},"minecraft:killed":{"minecraft:zombie":2},"minecraft:custom":{"minecraft:time_since_rest":38286,"minecraft:sprint_one_cm":41230,"minecraft:damage_taken":1807,"minecraft:walk_one_cm":69871,"minecraft:mob_kills":3,"minecraft:drop":5,"minecraft:damage_dealt":328,"minecraft:talked_to_villager":2,"minecraft:interact_with_crafting_table":7,"minecraft:fly_one_cm":46615,"minecraft:crouch_one_cm":15617,"minecraft:play_time":92671,"minecraft:deaths":9,"minecraft:sneak_time":21772,"minecraft:jump":509,"minecraft:leave_game":1,"minecraft:time_since_death":34789,"minecraft:total_world_time":92671,"minecraft:fall_one_cm":13696,"minecraft:horse_one_cm":573},"minecraft:crafted":{"minecraft:crafting_table":1,"minecraft:stick":12,"minecraft:wooden_pickaxe":1,"minecraft:stone_pickaxe":1,"minecraft:dark_oak_planks":36,"minecraft:stone_axe":1},"minecraft:used":{"minecraft:stone_pickaxe":36,"minecraft:wooden_pickaxe":9,"minecraft:rotten_flesh":4,"minecraft:stone_axe":30,"minecraft:crafting_table":2,"minecraft:egg":1,"minecraft:cooked_beef":1},"minecraft:picked_up":{"minecraft:crafting_table":1,"minecraft:leather":2,"minecraft:lead":2,"minecraft:gravel":5,"minecraft:flint":1,"minecraft:dark_oak_log":36,"minecraft:dirt":10,"minecraft:rotten_flesh":14,"minecraft:wheat_seeds":1,"minecraft:egg":1,"minecraft:cobblestone":56}},"DataVersion":3953}