{"stats":{"minecraft:killed_by":{"minecraft:skeleton":2,"minecraft:zombie":1},"minecraft:mined":{"minecraft:short_grass":1,"minecraft:oak_leaves":1},"minecraft:dropped":{"minecraft:rotten_flesh":6,"minecraft:wheat_seeds":1},"minecraft:killed":{"minecraft:zombie":1},"minecraft:custom":{"minecraft:time_since_rest":4348,"minecraft:crouch_one_cm":2131,"minecraft:play_time":26671,"minecraft:sprint_one_cm":20840,"minecraft:walk_one_cm":19207,"minecraft:damage_taken":960,"minecraft:deaths":4,"minecraft:sneak_time":737,"minecraft:mob_kills":2,"minecraft:drop":2,"minecraft:jump":288,"minecraft:damage_dealt":170,"minecraft:leave_game":1,"minecraft:time_since_death":4322,"minecraft:total_world_time":26671,"minecraft:fall_one_cm":9226,"minecraft:fly_one_cm":28853},"minecraft:picked_up":{"minecraft:rotten_flesh":14,"minecraft:wheat_seeds":1,"minecraft:egg":1},"minecraft:used":{"minecraft:rotten_flesh":4,"minecraft:egg":1}},"DataVersion":3953}