{"stats":{"minecraft:broken":{"minecraft:stone_pickaxe":1},"minecraft:killed_by":{"minecraft:skeleton":3,"minecraft:creeper":1,"minecraft:zombie":1},"minecraft:mined":{"minecraft:iron_ore":8,"minecraft:amethyst_cluster":4,"minecraft:dark_oak_log":36,"minecraft:crafting_table":3,"minecraft:short_grass":1,"minecraft:calcite":2,"minecraft:pointed_dripstone":2,"minecraft:coal_ore":29,"minecraft:dirt":10,"minecraft:gravel":6,"minecraft:smooth_basalt":2,"minecraft:lapis_ore":5,"minecraft:stone":91,"minecraft:oak_leaves":1,"minecraft:amethyst_block":6},"minecraft:dropped":{"minecraft:wheat_seeds":1,"minecraft:lapis_lazuli":2,"minecraft:rotten_flesh":6,"minecraft:leather":2,"minecraft:wooden_pickaxe":1},"minecraft:killed":{"minecraft:zombie":2,"minecraft:enderman":1,"minecraft:cow":1},"minecraft:custom":{"minecraft:time_since_rest":50286,"minecraft:interact_with_furnace":5,"minecraft:sprint_one_cm":62182,"minecraft:damage_taken":2087,"minecraft:walk_one_cm":93792,"minecraft:mob_kills":5,"minecraft:drop":7,"minecraft:damage_dealt":798,"minecraft:talked_to_villager":2,"minecraft:interact_with_crafting_table":11,"minecraft:fly_one_cm":62249,"minecraft:crouch_one_cm":22389,"minecraft:play_time":104671,"minecraft:deaths":9,"minecraft:sneak_time":24382,"minecraft:jump":706,"minecraft:leave_game":1,"minecraft:time_since_death":46789,"minecraft:total_world_time":104671,"minecraft:fall_one_cm":16504,"minecraft:horse_one_cm":573},"minecraft:crafted":{"minecraft:shield":1,"minecraft:crafting_table":1,"minecraft:iron_pickaxe":1,"minecraft:stick":12,"minecraft:iron_ingot":5,"minecraft:wooden_pickaxe":1,"minecraft:stone_pickaxe":1,"minecraft:furnace":1,"minecraft:bucket":1,"minecraft:dark_oak_planks":36,"minecraft:stone_axe":1,"minecraft:air":0},"minecraft:used":{"minecraft:stone_pickaxe":131,"minecraft:iron_pickaxe":9,"minecraft:wooden_pickaxe":9,"minecraft:rotten_flesh":4,"minecraft:stone_axe":37,"minecraft:dirt":1,"minecraft:crafting_table":3,"minecraft:furnace":1,"minecraft:egg":1,"minecraft:cooked_beef":4},"minecraft:picked_up":{"minecraft:raw_iron":8,"minecraft:crafting_table":3,"minecraft:smooth_basalt":2,"minecraft:leather":4,"minecraft:lead":2,"minecraft:gravel":5,"minecraft:flint":1,"minecraft:amethyst_shard":16,"minecraft:amethyst_block":6,"minecraft:lapis_lazuli":37,"minecraft:dark_oak_log":36,"minecraft:dirt":10,"minecraft:rotten_flesh":14,"minecraft:wheat_seeds":1,"minecraft:iron_ingot":3,"minecraft:beef":1,"minecraft:calcite":2,"minecraft:coal":30,"minecraft:egg":1,"minecraft:cobblestone":104}},"DataVersion":3953}