{"stats":{"minecraft:dropped":{"minecraft:water_bucket":1,"minecraft:iron_ingot":10,"minecraft:bread":27,"minecraft:wheat_seeds":1,"minecraft:lapis_lazuli":33,"minecraft:cooked_beef":15,"minecraft:ender_pearl":1,"minecraft:glow_berries":1,"minecraft:leather":3,"minecraft:amethyst_block":7,"minecraft:coal":13,"minecraft:flint":5,"minecraft:dirt":2,"minecraft:dark_oak_log":12,"minecraft:dark_oak_planks":27,"minecraft:dark_oak_boat":1,"minecraft:bucket":1,"minecraft:smooth_basalt":3,"minecraft:gravel":5,"minecraft:stone_axe":1,"minecraft:stone_sword":1,"minecraft:raw_iron":1,"minecraft:rotten_flesh":14,"minecraft:poppy":1,"minecraft:beetroot_seeds":1,"minecraft:wooden_pickaxe":1,"minecraft:beef":1,"minecraft:calcite":2,"minecraft:egg":1},"minecraft:crafted":{"minecraft:oak_planks":112,"minecraft:dark_oak_boat":2,"minecraft:furnace":2,"minecraft:dark_oak_trapdoor":2,"minecraft:oak_trapdoor":2,"minecraft:iron_hoe":1,"minecraft:stone_pickaxe":1,"minecraft:chest":2,"minecraft:rail":16,"minecraft:dark_oak_planks":144,"minecraft:minecart":1,"minecraft:wheat":189,"minecraft:oak_slab":204,"minecraft:crafting_table":4,"minecraft:wooden_pickaxe":1,"minecraft:bucket":1,"minecraft:dark_oak_button":1,"minecraft:stone_axe":1,"minecraft:bread":63,"minecraft:air":0,"minecraft:dark_oak_slab":48,"minecraft:shield":1,"minecraft:stick":36,"minecraft:iron_ingot":13,"minecraft:iron_pickaxe":1,"minecraft:stone_sword":1,"minecraft:iron_shovel":1,"minecraft:white_bed":1,"minecraft:composter":2,"minecraft:torch":16},"minecraft:custom":{"minecraft:interact_with_smithing_table":2,"minecraft:mob_kills":9,"minecraft:interact_with_crafting_table":34,"minecraft:bell_ring":5,"minecraft:leave_game":11,"minecraft:time_since_death":196473,"minecraft:climb_one_cm":1422,"minecraft:sprint_one_cm":632559,"minecraft:walk_one_cm":399061,"minecraft:damage_blocked_by_shield":210,"minecraft:drop":92,"minecraft:talked_to_villager":14,"minecraft:play_time":253466,"minecraft:deaths":7,"minecraft:sneak_time":16683,"minecraft:walk_under_water_one_cm":3153,"minecraft:boat_one_cm":335535,"minecraft:jump":4591,"minecraft:walk_on_water_one_cm":16833,"minecraft:total_world_time":253466,"minecraft:interact_with_furnace":9,"minecraft:sleep_in_bed":13,"minecraft:time_since_rest":15520,"minecraft:damage_taken":4282,"minecraft:damage_dealt":2702,"minecraft:swim_one_cm":10347,"minecraft:fly_one_cm":902855,"minecraft:player_kills":1,"minecraft:open_chest":28,"minecraft:crouch_one_cm":60788,"minecraft:fall_one_cm":146941,"minecraft:horse_one_cm":17547},"minecraft:killed":{"minecraft:spider":1,"minecraft:iron_golem":1,"minecraft:wandering_trader":1,"minecraft:sheep":2,"minecraft:pillager":2,"minecraft:zombie":1,"minecraft:villager":1},"minecraft:mined":{"minecraft:white_bed":10,"minecraft:farmland":1,"minecraft:deepslate_diamond_ore":30,"minecraft:dark_oak_log":19,"minecraft:cave_vines_plant":1,"minecraft:grass_block":217,"minecraft:composter":4,"minecraft:hay_block":47,"minecraft:carrots":16,"minecraft:iron_ore":6,"minecraft:peony":1,"minecraft:pointed_dripstone":1,"minecraft:potatoes":1,"minecraft:cave_vines":1,"minecraft:deepslate_iron_ore":22,"minecraft:dirt_path":7,"minecraft:rail":2,"minecraft:small_amethyst_bud":1,"minecraft:stone":29,"minecraft:smithing_table":2,"minecraft:oak_slab":13,"minecraft:smoker":1,"minecraft:dandelion":1,"minecraft:crafting_table":6,"minecraft:short_grass":188,"minecraft:tall_grass":18,"minecraft:cobblestone":4,"minecraft:grindstone":1,"minecraft:wall_torch":1,"minecraft:seagrass":1,"minecraft:wheat":29,"minecraft:yellow_bed":8,"minecraft:oak_log":28,"minecraft:beetroots":7,"minecraft:dripstone_block":10,"minecraft:dirt":30,"minecraft:red_mushroom_block":1,"minecraft:oak_leaves":33,"minecraft:deepslate":23},"minecraft:used":{"minecraft:oak_trapdoor":2,"minecraft:stone_sword":97,"minecraft:iron_shovel":239,"minecraft:stone_shovel":17,"minecraft:chest":4,"minecraft:shield":4,"minecraft:torch":4,"minecraft:dirt":228,"minecraft:carrot":26,"minecraft:axolotl_bucket":4,"minecraft:iron_hoe":111,"minecraft:dark_oak_slab":48,"minecraft:dark_oak_boat":22,"minecraft:furnace":2,"minecraft:minecart":3,"minecraft:egg":4,"minecraft:cooked_beef":12,"minecraft:cobbled_deepslate":23,"minecraft:wheat_seeds":56,"minecraft:water_bucket":8,"minecraft:stone_pickaxe":37,"minecraft:oak_planks":2,"minecraft:wooden_pickaxe":3,"minecraft:composter":6,"minecraft:dark_oak_trapdoor":1,"minecraft:glow_berries":7,"minecraft:golden_hoe":21,"minecraft:rail":14,"minecraft:oak_slab":193,"minecraft:crafting_table":9,"minecraft:white_bed":10,"minecraft:dripstone_block":8,"minecraft:dark_oak_log":1,"minecraft:bread":45,"minecraft:iron_pickaxe":95,"minecraft:stone_axe":64,"minecraft:cobblestone":40,"minecraft:smithing_table":1,"minecraft:bucket":12,"minecraft:yellow_bed":7},"minecraft:picked_up":{"minecraft:crafting_table":8,"minecraft:wheat":2,"minecraft:smithing_table":2,"minecraft:lead":3,"minecraft:wooden_pickaxe":1,"minecraft:shield":2,"minecraft:amethyst_block":13,"minecraft:string":2,"minecraft:moss_carpet":2,"minecraft:cobbled_deepslate":23,"minecraft:bucket":3,"minecraft:beef":3,"minecraft:calcite":2,"minecraft:poppy":1,"minecraft:iron_pickaxe":1,"minecraft:minecart":3,"minecraft:egg":5,"minecraft:stick":9,"minecraft:raw_iron":28,"minecraft:composter":4,"minecraft:torch":3,"minecraft:carrot":26,"minecraft:dark_oak_planks":54,"minecraft:stone_sword":4,"minecraft:rotten_flesh":19,"minecraft:beetroot_seeds":7,"minecraft:peony":1,"minecraft:hay_block":46,"minecraft:glow_berries":4,"minecraft:mutton":3,"minecraft:rail":4,"minecraft:cobblestone":123,"minecraft:white_wool":2,"minecraft:cooked_beef":25,"minecraft:water_bucket":1,"minecraft:leather":10,"minecraft:dark_oak_boat":22,"minecraft:smoker":1,"minecraft:flint":8,"minecraft:oak_log":28,"minecraft:yellow_bed":7,"minecraft:gunpowder":8,"minecraft:lapis_lazuli":62,"minecraft:dirt":246,"minecraft:wheat_seeds":57,"minecraft:grindstone":1,"minecraft:stone_pickaxe":2,"minecraft:iron_ingot":25,"minecraft:flowering_azalea":1,"minecraft:oak_slab":14,"minecraft:smooth_basalt":3,"minecraft:dandelion":1,"minecraft:dripstone_block":8,"minecraft:gravel":10,"minecraft:white_bed":10,"minecraft:dark_oak_log":49,"minecraft:diamond":31,"minecraft:stone_axe":2,"minecraft:bread":3,"minecraft:coal":22,"minecraft:ender_pearl":1},"minecraft:killed_by":{"minecraft:player":1,"minecraft:skeleton":1,"minecraft:zombie":4}},"DataVersion":3953}