{"stats":{"minecraft:killed_by":{"minecraft:player":1,"minecraft:skeleton":1,"minecraft:zombie":2},"minecraft:mined":{"minecraft:iron_ore":6,"minecraft:dark_oak_log":19,"minecraft:peony":1,"minecraft:short_grass":4,"minecraft:small_amethyst_bud":1,"minecraft:red_mushroom_block":1,"minecraft:stone":19,"minecraft:oak_leaves":9},"minecraft:dropped":{"minecraft:iron_ingot":3,"minecraft:dark_oak_log":1,"minecraft:wheat_seeds":1,"minecraft:raw_iron":1,"minecraft:leather":3},"minecraft:custom":{"minecraft:time_since_rest":45895,"minecraft:interact_with_furnace":2,"minecraft:sprint_one_cm":59673,"minecraft:damage_taken":1541,"minecraft:walk_one_cm":90174,"minecraft:drop":9,"minecraft:damage_dealt":203,"minecraft:talked_to_villager":2,"minecraft:interact_with_crafting_table":8,"minecraft:fly_one_cm":69122,"minecraft:crouch_one_cm":4533,"minecraft:play_time":52892,"minecraft:deaths":5,"minecraft:sneak_time":1415,"minecraft:boat_one_cm":2365,"minecraft:jump":446,"minecraft:leave_game":7,"minecraft:time_since_death":45850,"minecraft:total_world_time":52892,"minecraft:fall_one_cm":21227,"minecraft:horse_one_cm":17547},"minecraft:crafted":{"minecraft:shield":1,"minecraft:dark_oak_boat":1,"minecraft:crafting_table":3,"minecraft:stick":12,"minecraft:iron_ingot":2,"minecraft:wooden_pickaxe":1,"minecraft:stone_pickaxe":1,"minecraft:bucket":1,"minecraft:dark_oak_planks":72,"minecraft:stone_axe":1,"minecraft:air":0},"minecraft:used":{"minecraft:dark_oak_log":1,"minecraft:stone_pickaxe":22,"minecraft:wooden_pickaxe":3,"minecraft:cobblestone":3,"minecraft:dark_oak_boat":2,"minecraft:crafting_table":2,"minecraft:cooked_beef":2},"minecraft:picked_up":{"minecraft:raw_iron":6,"minecraft:leather":1,"minecraft:dark_oak_boat":1,"minecraft:dark_oak_log":20,"minecraft:lapis_lazuli":1,"minecraft:wheat_seeds":1,"minecraft:peony":1,"minecraft:iron_ingot":9,"minecraft:cobblestone":19}},"DataVersion":3953}