{"stats":{"minecraft:killed_by":{"minecraft:skeleton":1,"minecraft:zombie":2,"minecraft:player":1},"minecraft:mined":{"minecraft:short_grass":3,"minecraft:red_mushroom_block":1,"minecraft:dark_oak_log":9,"minecraft:oak_leaves":9,"minecraft:peony":1},"minecraft:dropped":{"minecraft:leather":3,"minecraft:wheat_seeds":1,"minecraft:dark_oak_log":1},"minecraft:custom":{"minecraft:time_since_rest":23890,"minecraft:crouch_one_cm":3114,"minecraft:play_time":30887,"minecraft:sprint_one_cm":43233,"minecraft:damage_taken":1441,"minecraft:walk_one_cm":57077,"minecraft:deaths":5,"minecraft:sneak_time":837,"minecraft:drop":5,"minecraft:boat_one_cm":2365,"minecraft:jump":302,"minecraft:damage_dealt":203,"minecraft:leave_game":2,"minecraft:time_since_death":23845,"minecraft:total_world_time":30887,"minecraft:interact_with_crafting_table":1,"minecraft:fly_one_cm":58968,"minecraft:talked_to_villager":2,"minecraft:fall_one_cm":16867,"minecraft:horse_one_cm":17547},"minecraft:crafted":{"minecraft:dark_oak_planks":32,"minecraft:crafting_table":2,"minecraft:dark_oak_boat":1,"minecraft:stick":4},"minecraft:used":{"minecraft:dark_oak_boat":2,"minecraft:dark_oak_log":1,"minecraft:crafting_table":1},"minecraft:picked_up":{"minecraft:leather":1,"minecraft:wheat_seeds":1,"minecraft:dark_oak_boat":1,"minecraft:peony":1,"minecraft:dark_oak_log":10}},"DataVersion":3953}