{"stats":{"minecraft:dropped":{"minecraft:water_bucket":1,"minecraft:gravel":5,"minecraft:iron_ingot":10,"minecraft:wheat_seeds":1,"minecraft:lapis_lazuli":33,"minecraft:cooked_beef":15,"minecraft:stone_sword":1,"minecraft:ender_pearl":1,"minecraft:raw_iron":1,"minecraft:rotten_flesh":14,"minecraft:glow_berries":1,"minecraft:amethyst_block":7,"minecraft:leather":3,"minecraft:coal":13,"minecraft:flint":5,"minecraft:dirt":2,"minecraft:dark_oak_log":12,"minecraft:wooden_pickaxe":1,"minecraft:beef":1,"minecraft:calcite":2,"minecraft:dark_oak_planks":27,"minecraft:dark_oak_boat":1,"minecraft:bucket":1,"minecraft:smooth_basalt":3},"minecraft:crafted":{"minecraft:dark_oak_boat":1,"minecraft:crafting_table":4,"minecraft:wooden_pickaxe":1,"minecraft:bucket":1,"minecraft:stone_axe":1,"minecraft:air":0,"minecraft:shield":1,"minecraft:stick":36,"minecraft:iron_pickaxe":1,"minecraft:iron_ingot":2,"minecraft:stone_pickaxe":1,"minecraft:stone_sword":1,"minecraft:dark_oak_planks":88,"minecraft:torch":16},"minecraft:custom":{"minecraft:interact_with_furnace":2,"minecraft:mob_kills":2,"minecraft:interact_with_crafting_table":10,"minecraft:leave_game":10,"minecraft:time_since_death":23320,"minecraft:time_since_rest":23378,"minecraft:sprint_one_cm":105478,"minecraft:damage_taken":2637,"minecraft:walk_one_cm":136649,"minecraft:damage_blocked_by_shield":90,"minecraft:drop":61,"minecraft:damage_dealt":442,"minecraft:talked_to_villager":2,"minecraft:fly_one_cm":119194,"minecraft:player_kills":1,"minecraft:crouch_one_cm":13663,"minecraft:play_time":80313,"minecraft:deaths":7,"minecraft:sneak_time":4178,"minecraft:walk_under_water_one_cm":314,"minecraft:boat_one_cm":2365,"minecraft:jump":924,"minecraft:walk_on_water_one_cm":2033,"minecraft:total_world_time":80313,"minecraft:fall_one_cm":34044,"minecraft:horse_one_cm":17547},"minecraft:killed":{"minecraft:spider":1,"minecraft:zombie":1},"minecraft:mined":{"minecraft:deepslate_diamond_ore":30,"minecraft:dark_oak_log":19,"minecraft:crafting_table":1,"minecraft:cave_vines_plant":1,"minecraft:short_grass":5,"minecraft:wall_torch":1,"minecraft:iron_ore":6,"minecraft:peony":1,"minecraft:pointed_dripstone":1,"minecraft:cave_vines":1,"minecraft:deepslate_iron_ore":22,"minecraft:small_amethyst_bud":1,"minecraft:dripstone_block":10,"minecraft:red_mushroom_block":1,"minecraft:stone":22,"minecraft:oak_leaves":9,"minecraft:deepslate":23},"minecraft:used":{"minecraft:water_bucket":2,"minecraft:stone_sword":8,"minecraft:stone_pickaxe":32,"minecraft:shield":1,"minecraft:wooden_pickaxe":3,"minecraft:torch":4,"minecraft:glow_berries":2,"minecraft:crafting_table":3,"minecraft:dripstone_block":8,"minecraft:axolotl_bucket":1,"minecraft:dark_oak_log":1,"minecraft:iron_pickaxe":81,"minecraft:stone_axe":1,"minecraft:cobblestone":17,"minecraft:dark_oak_boat":2,"minecraft:bucket":4,"minecraft:cooked_beef":7,"minecraft:cobbled_deepslate":23},"minecraft:picked_up":{"minecraft:crafting_table":3,"minecraft:cooked_beef":25,"minecraft:water_bucket":1,"minecraft:leather":10,"minecraft:dark_oak_boat":2,"minecraft:lead":1,"minecraft:wooden_pickaxe":1,"minecraft:flint":8,"minecraft:shield":2,"minecraft:gunpowder":8,"minecraft:amethyst_block":13,"minecraft:lapis_lazuli":62,"minecraft:string":2,"minecraft:dirt":2,"minecraft:moss_carpet":2,"minecraft:wheat_seeds":1,"minecraft:cobbled_deepslate":23,"minecraft:bucket":3,"minecraft:iron_ingot":20,"minecraft:beef":3,"minecraft:stone_pickaxe":2,"minecraft:calcite":2,"minecraft:iron_pickaxe":1,"minecraft:flowering_azalea":1,"minecraft:stick":5,"minecraft:raw_iron":28,"minecraft:smooth_basalt":3,"minecraft:torch":3,"minecraft:dripstone_block":8,"minecraft:gravel":10,"minecraft:dark_oak_log":49,"minecraft:dark_oak_planks":54,"minecraft:stone_sword":4,"minecraft:rotten_flesh":19,"minecraft:diamond":31,"minecraft:stone_axe":1,"minecraft:peony":1,"minecraft:glow_berries":4,"minecraft:coal":22,"minecraft:cobblestone":116,"minecraft:ender_pearl":1},"minecraft:killed_by":{"minecraft:player":1,"minecraft:skeleton":1,"minecraft:zombie":4}},"DataVersion":3953}