{"stats":{"minecraft:mined":{"minecraft:dark_oak_log":19,"minecraft:peony":1,"minecraft:short_grass":4,"minecraft:red_mushroom_block":1,"minecraft:stone":15,"minecraft:oak_leaves":9},"minecraft:killed_by":{"minecraft:player":1,"minecraft:skeleton":1,"minecraft:zombie":2},"minecraft:dropped":{"minecraft:dark_oak_log":1,"minecraft:wheat_seeds":1,"minecraft:leather":3},"minecraft:custom":{"minecraft:time_since_rest":34978,"minecraft:sprint_one_cm":54635,"minecraft:damage_taken":1441,"minecraft:walk_one_cm":74823,"minecraft:drop":5,"minecraft:damage_dealt":203,"minecraft:talked_to_villager":2,"minecraft:interact_with_crafting_table":5,"minecraft:fly_one_cm":65752,"minecraft:crouch_one_cm":3218,"minecraft:play_time":41975,"minecraft:deaths":5,"minecraft:sneak_time":952,"minecraft:boat_one_cm":2365,"minecraft:jump":356,"minecraft:leave_game":4,"minecraft:time_since_death":34933,"minecraft:total_world_time":41975,"minecraft:fall_one_cm":17496,"minecraft:horse_one_cm":17547},"minecraft:crafted":{"minecraft:dark_oak_boat":1,"minecraft:crafting_table":2,"minecraft:stick":12,"minecraft:wooden_pickaxe":1,"minecraft:stone_pickaxe":1,"minecraft:dark_oak_planks":72,"minecraft:stone_axe":1},"minecraft:used":{"minecraft:dark_oak_log":1,"minecraft:stone_pickaxe":12,"minecraft:wooden_pickaxe":3,"minecraft:dark_oak_boat":2,"minecraft:crafting_table":1,"minecraft:cooked_beef":2},"minecraft:picked_up":{"minecraft:leather":1,"minecraft:dark_oak_boat":1,"minecraft:dark_oak_log":20,"minecraft:wheat_seeds":1,"minecraft:peony":1,"minecraft:cobblestone":15}},"DataVersion":3953}