{"stats":{"minecraft:killed_by":{"minecraft:player":1,"minecraft:skeleton":1,"minecraft:zombie":4},"minecraft:dropped":{"minecraft:water_bucket":1,"minecraft:iron_ingot":10,"minecraft:bread":32,"minecraft:wheat_seeds":1,"minecraft:lapis_lazuli":33,"minecraft:cooked_beef":15,"minecraft:ender_pearl":1,"minecraft:diamond":1,"minecraft:glow_berries":1,"minecraft:amethyst_block":7,"minecraft:leather":3,"minecraft:coal":13,"minecraft:flint":5,"minecraft:dirt":2,"minecraft:dark_oak_log":12,"minecraft:dark_oak_planks":27,"minecraft:dark_oak_boat":1,"minecraft:bucket":1,"minecraft:smooth_basalt":3,"minecraft:gravel":26,"minecraft:stone_axe":1,"minecraft:stone_sword":1,"minecraft:raw_iron":1,"minecraft:rotten_flesh":14,"minecraft:poppy":1,"minecraft:beetroot_seeds":1,"minecraft:wooden_pickaxe":1,"minecraft:beef":1,"minecraft:calcite":2,"minecraft:egg":1},"minecraft:broken":{"minecraft:iron_pickaxe":1,"minecraft:stone_shovel":1},"minecraft:used":{"minecraft:oak_trapdoor":6,"minecraft:stone_sword":97,"minecraft:iron_shovel":278,"minecraft:stone_shovel":131,"minecraft:chest":4,"minecraft:shield":11,"minecraft:iron_sword":35,"minecraft:torch":4,"minecraft:dirt":288,"minecraft:carrot":26,"minecraft:axolotl_bucket":4,"minecraft:iron_hoe":111,"minecraft:iron_axe":99,"minecraft:dark_oak_slab":48,"minecraft:dark_oak_boat":22,"minecraft:oak_sapling":5,"minecraft:furnace":4,"minecraft:minecart":8,"minecraft:egg":4,"minecraft:cooked_beef":12,"minecraft:cobbled_deepslate":29,"minecraft:wheat_seeds":56,"minecraft:water_bucket":8,"minecraft:stone_pickaxe":37,"minecraft:oak_planks":4,"minecraft:wooden_pickaxe":3,"minecraft:composter":6,"minecraft:fletching_table":4,"minecraft:dark_oak_trapdoor":2,"minecraft:glow_berries":7,"minecraft:golden_hoe":21,"minecraft:rail":60,"minecraft:oak_slab":193,"minecraft:blast_furnace":4,"minecraft:crafting_table":9,"minecraft:white_bed":10,"minecraft:dripstone_block":8,"minecraft:smoker":1,"minecraft:dark_oak_log":1,"minecraft:bread":61,"minecraft:iron_pickaxe":302,"minecraft:gravel":63,"minecraft:stone_axe":78,"minecraft:cobblestone":59,"minecraft:grindstone":1,"minecraft:smithing_table":1,"minecraft:bucket":12,"minecraft:yellow_bed":7,"minecraft:smooth_stone":9},"minecraft:mined":{"minecraft:white_bed":10,"minecraft:farmland":1,"minecraft:deepslate_diamond_ore":30,"minecraft:dark_oak_log":19,"minecraft:cave_vines_plant":1,"minecraft:grass_block":258,"minecraft:composter":4,"minecraft:hay_block":47,"minecraft:redstone_ore":1,"minecraft:carrots":16,"minecraft:iron_ore":34,"minecraft:fletching_table":1,"minecraft:peony":1,"minecraft:pointed_dripstone":1,"minecraft:potatoes":1,"minecraft:cave_vines":1,"minecraft:deepslate_iron_ore":34,"minecraft:dirt_path":7,"minecraft:rail":19,"minecraft:small_amethyst_bud":1,"minecraft:stone":120,"minecraft:smithing_table":2,"minecraft:deepslate_redstone_ore":1,"minecraft:oak_slab":13,"minecraft:smoker":1,"minecraft:dandelion":1,"minecraft:crafting_table":6,"minecraft:short_grass":196,"minecraft:blast_furnace":3,"minecraft:tall_grass":18,"minecraft:copper_ore":9,"minecraft:cobblestone":5,"minecraft:grindstone":1,"minecraft:wall_torch":1,"minecraft:seagrass":1,"minecraft:wheat":29,"minecraft:yellow_bed":8,"minecraft:oak_log":130,"minecraft:coal_ore":36,"minecraft:beetroots":7,"minecraft:gravel":93,"minecraft:dripstone_block":10,"minecraft:dirt":58,"minecraft:red_mushroom_block":1,"minecraft:oak_leaves":42,"minecraft:deepslate":23},"minecraft:custom":{"minecraft:interact_with_smithing_table":2,"minecraft:mob_kills":18,"minecraft:interact_with_crafting_table":66,"minecraft:bell_ring":5,"minecraft:leave_game":14,"minecraft:time_since_death":275787,"minecraft:climb_one_cm":1422,"minecraft:sprint_one_cm":774485,"minecraft:walk_one_cm":526796,"minecraft:damage_blocked_by_shield":1251,"minecraft:drop":119,"minecraft:talked_to_villager":43,"minecraft:play_time":332780,"minecraft:deaths":7,"minecraft:sneak_time":21652,"minecraft:walk_under_water_one_cm":4151,"minecraft:boat_one_cm":335535,"minecraft:jump":5672,"minecraft:walk_on_water_one_cm":19034,"minecraft:total_world_time":332780,"minecraft:interact_with_furnace":32,"minecraft:interact_with_grindstone":1,"minecraft:sleep_in_bed":21,"minecraft:time_since_rest":533,"minecraft:damage_taken":4744,"minecraft:damage_dealt":4014,"minecraft:swim_one_cm":15566,"minecraft:player_kills":1,"minecraft:fly_one_cm":1104924,"minecraft:open_chest":49,"minecraft:crouch_one_cm":74536,"minecraft:interact_with_smoker":1,"minecraft:fall_one_cm":183173,"minecraft:horse_one_cm":17547},"minecraft:picked_up":{"minecraft:crafting_table":8,"minecraft:wheat":2,"minecraft:smithing_table":2,"minecraft:lead":3,"minecraft:wooden_pickaxe":1,"minecraft:shield":2,"minecraft:amethyst_block":13,"minecraft:string":2,"minecraft:moss_carpet":2,"minecraft:raw_copper":30,"minecraft:cobbled_deepslate":29,"minecraft:bucket":3,"minecraft:beef":3,"minecraft:calcite":2,"minecraft:poppy":1,"minecraft:iron_pickaxe":1,"minecraft:minecart":8,"minecraft:egg":5,"minecraft:stick":12,"minecraft:raw_iron":68,"minecraft:composter":4,"minecraft:torch":3,"minecraft:porkchop":3,"minecraft:carrot":26,"minecraft:redstone":9,"minecraft:dark_oak_planks":54,"minecraft:stone_sword":4,"minecraft:rotten_flesh":20,"minecraft:beetroot_seeds":7,"minecraft:peony":1,"minecraft:hay_block":46,"minecraft:glow_berries":4,"minecraft:mutton":3,"minecraft:rail":20,"minecraft:white_wool":2,"minecraft:cobblestone":224,"minecraft:cooked_beef":25,"minecraft:glow_ink_sac":5,"minecraft:water_bucket":1,"minecraft:leather":10,"minecraft:dark_oak_boat":22,"minecraft:smoker":1,"minecraft:flint":39,"minecraft:oak_log":128,"minecraft:yellow_bed":7,"minecraft:gunpowder":9,"minecraft:lapis_lazuli":62,"minecraft:dirt":315,"minecraft:wheat_seeds":57,"minecraft:stone_pickaxe":2,"minecraft:iron_ingot":25,"minecraft:grindstone":1,"minecraft:fletching_table":1,"minecraft:flowering_azalea":1,"minecraft:oak_slab":14,"minecraft:smooth_basalt":3,"minecraft:dandelion":1,"minecraft:dripstone_block":8,"minecraft:gravel":94,"minecraft:blast_furnace":3,"minecraft:white_bed":10,"minecraft:dark_oak_log":49,"minecraft:diamond":32,"minecraft:stone_axe":2,"minecraft:bone_meal":1,"minecraft:bread":3,"minecraft:oak_sapling":3,"minecraft:coal":58,"minecraft:ender_pearl":1},"minecraft:crafted":{"minecraft:smooth_stone":14,"minecraft:oak_planks":544,"minecraft:dark_oak_boat":2,"minecraft:furnace":5,"minecraft:blast_furnace":1,"minecraft:dark_oak_trapdoor":2,"minecraft:stone":41,"minecraft:oak_trapdoor":6,"minecraft:diamond_helmet":1,"minecraft:diamond_leggings":1,"minecraft:iron_axe":1,"minecraft:iron_hoe":1,"minecraft:stone_pickaxe":1,"minecraft:chest":2,"minecraft:diamond_boots":1,"minecraft:rail":48,"minecraft:dark_oak_planks":144,"minecraft:wheat":414,"minecraft:minecart":1,"minecraft:oak_slab":204,"minecraft:crafting_table":6,"minecraft:wooden_pickaxe":1,"minecraft:iron_sword":1,"minecraft:fletching_table":3,"minecraft:bucket":1,"minecraft:dark_oak_button":1,"minecraft:stone_axe":1,"minecraft:bread":127,"minecraft:air":0,"minecraft:dark_oak_slab":48,"minecraft:shield":1,"minecraft:stick":292,"minecraft:iron_ingot":55,"minecraft:iron_pickaxe":2,"minecraft:stone_sword":1,"minecraft:iron_shovel":1,"minecraft:white_bed":1,"minecraft:composter":2,"minecraft:torch":24,"minecraft:diamond_chestplate":1},"minecraft:killed":{"minecraft:spider":2,"minecraft:pig":1,"minecraft:zombie_villager":1,"minecraft:iron_golem":1,"minecraft:wandering_trader":1,"minecraft:creeper":1,"minecraft:sheep":2,"minecraft:pillager":2,"minecraft:zombie":5,"minecraft:glow_squid":1,"minecraft:villager":1}},"DataVersion":3953}