{"stats":{"minecraft:dropped":{"minecraft:water_bucket":1,"minecraft:gravel":5,"minecraft:iron_ingot":10,"minecraft:wheat_seeds":1,"minecraft:lapis_lazuli":33,"minecraft:cooked_beef":15,"minecraft:stone_sword":1,"minecraft:ender_pearl":1,"minecraft:raw_iron":1,"minecraft:rotten_flesh":14,"minecraft:glow_berries":1,"minecraft:amethyst_block":7,"minecraft:leather":3,"minecraft:coal":13,"minecraft:flint":5,"minecraft:dirt":2,"minecraft:dark_oak_log":12,"minecraft:wooden_pickaxe":1,"minecraft:beef":1,"minecraft:calcite":2,"minecraft:dark_oak_planks":27,"minecraft:dark_oak_boat":1,"minecraft:bucket":1,"minecraft:smooth_basalt":3},"minecraft:crafted":{"minecraft:dark_oak_boat":2,"minecraft:crafting_table":4,"minecraft:wooden_pickaxe":1,"minecraft:bucket":1,"minecraft:stone_axe":1,"minecraft:air":0,"minecraft:shield":1,"minecraft:iron_hoe":1,"minecraft:stick":36,"minecraft:iron_pickaxe":1,"minecraft:iron_ingot":2,"minecraft:stone_pickaxe":1,"minecraft:stone_sword":1,"minecraft:iron_shovel":1,"minecraft:white_bed":1,"minecraft:dark_oak_planks":100,"minecraft:torch":16},"minecraft:custom":{"minecraft:interact_with_smithing_table":1,"minecraft:interact_with_furnace":2,"minecraft:mob_kills":5,"minecraft:interact_with_crafting_table":14,"minecraft:leave_game":10,"minecraft:time_since_death":47320,"minecraft:sleep_in_bed":2,"minecraft:climb_one_cm":304,"minecraft:time_since_rest":3308,"minecraft:sprint_one_cm":191765,"minecraft:damage_taken":2827,"minecraft:walk_one_cm":175587,"minecraft:damage_blocked_by_shield":90,"minecraft:drop":61,"minecraft:damage_dealt":1902,"minecraft:swim_one_cm":2307,"minecraft:talked_to_villager":3,"minecraft:fly_one_cm":294216,"minecraft:player_kills":1,"minecraft:open_chest":4,"minecraft:crouch_one_cm":18651,"minecraft:play_time":104313,"minecraft:deaths":7,"minecraft:sneak_time":5465,"minecraft:walk_under_water_one_cm":428,"minecraft:boat_one_cm":32984,"minecraft:jump":1657,"minecraft:walk_on_water_one_cm":2618,"minecraft:total_world_time":104313,"minecraft:fall_one_cm":60186,"minecraft:horse_one_cm":17547},"minecraft:killed":{"minecraft:spider":1,"minecraft:iron_golem":1,"minecraft:sheep":2,"minecraft:zombie":1},"minecraft:mined":{"minecraft:white_bed":1,"minecraft:deepslate_diamond_ore":30,"minecraft:dark_oak_log":19,"minecraft:crafting_table":5,"minecraft:cave_vines_plant":1,"minecraft:short_grass":13,"minecraft:grass_block":60,"minecraft:tall_grass":1,"minecraft:wall_torch":1,"minecraft:hay_block":47,"minecraft:iron_ore":6,"minecraft:peony":1,"minecraft:dirt_path":1,"minecraft:dirt":5,"minecraft:oak_log":6,"minecraft:pointed_dripstone":1,"minecraft:cave_vines":1,"minecraft:deepslate_iron_ore":22,"minecraft:small_amethyst_bud":1,"minecraft:dripstone_block":10,"minecraft:red_mushroom_block":1,"minecraft:stone":29,"minecraft:oak_leaves":9,"minecraft:deepslate":23},"minecraft:used":{"minecraft:water_bucket":2,"minecraft:stone_sword":44,"minecraft:iron_shovel":63,"minecraft:stone_pickaxe":32,"minecraft:shield":1,"minecraft:wooden_pickaxe":3,"minecraft:torch":4,"minecraft:glow_berries":7,"minecraft:crafting_table":7,"minecraft:white_bed":1,"minecraft:dripstone_block":8,"minecraft:axolotl_bucket":1,"minecraft:iron_hoe":42,"minecraft:dark_oak_log":1,"minecraft:iron_pickaxe":88,"minecraft:stone_axe":13,"minecraft:cobblestone":32,"minecraft:dark_oak_boat":3,"minecraft:bucket":4,"minecraft:cooked_beef":12,"minecraft:cobbled_deepslate":23},"minecraft:picked_up":{"minecraft:crafting_table":7,"minecraft:cooked_beef":25,"minecraft:water_bucket":1,"minecraft:leather":10,"minecraft:dark_oak_boat":3,"minecraft:lead":1,"minecraft:wooden_pickaxe":1,"minecraft:flint":8,"minecraft:oak_log":6,"minecraft:shield":2,"minecraft:gunpowder":8,"minecraft:amethyst_block":13,"minecraft:lapis_lazuli":62,"minecraft:string":2,"minecraft:dirt":67,"minecraft:moss_carpet":2,"minecraft:wheat_seeds":3,"minecraft:cobbled_deepslate":23,"minecraft:bucket":3,"minecraft:iron_ingot":25,"minecraft:beef":3,"minecraft:stone_pickaxe":2,"minecraft:calcite":2,"minecraft:poppy":1,"minecraft:iron_pickaxe":1,"minecraft:flowering_azalea":1,"minecraft:egg":2,"minecraft:stick":5,"minecraft:raw_iron":28,"minecraft:smooth_basalt":3,"minecraft:torch":3,"minecraft:dripstone_block":8,"minecraft:gravel":10,"minecraft:white_bed":1,"minecraft:dark_oak_log":49,"minecraft:dark_oak_planks":54,"minecraft:stone_sword":4,"minecraft:rotten_flesh":19,"minecraft:diamond":31,"minecraft:stone_axe":1,"minecraft:peony":1,"minecraft:hay_block":46,"minecraft:mutton":3,"minecraft:glow_berries":4,"minecraft:white_wool":2,"minecraft:coal":22,"minecraft:cobblestone":123,"minecraft:ender_pearl":1},"minecraft:killed_by":{"minecraft:player":1,"minecraft:skeleton":1,"minecraft:zombie":4}},"DataVersion":3953}