{"stats":{"minecraft:mined":{"minecraft:dark_oak_log":19,"minecraft:short_grass":4,"minecraft:iron_ore":6,"minecraft:peony":1,"minecraft:pointed_dripstone":1,"minecraft:deepslate_iron_ore":4,"minecraft:small_amethyst_bud":1,"minecraft:dripstone_block":5,"minecraft:red_mushroom_block":1,"minecraft:stone":19,"minecraft:oak_leaves":9},"minecraft:killed_by":{"minecraft:player":1,"minecraft:skeleton":1,"minecraft:zombie":4},"minecraft:dropped":{"minecraft:water_bucket":1,"minecraft:gravel":5,"minecraft:iron_ingot":10,"minecraft:wheat_seeds":1,"minecraft:lapis_lazuli":33,"minecraft:cooked_beef":15,"minecraft:stone_sword":1,"minecraft:ender_pearl":1,"minecraft:raw_iron":1,"minecraft:rotten_flesh":14,"minecraft:glow_berries":1,"minecraft:amethyst_block":7,"minecraft:leather":3,"minecraft:coal":13,"minecraft:flint":5,"minecraft:dirt":2,"minecraft:dark_oak_log":12,"minecraft:wooden_pickaxe":1,"minecraft:beef":1,"minecraft:calcite":2,"minecraft:dark_oak_planks":27,"minecraft:dark_oak_boat":1,"minecraft:bucket":1,"minecraft:smooth_basalt":3},"minecraft:killed":{"minecraft:zombie":1},"minecraft:custom":{"minecraft:interact_with_furnace":2,"minecraft:mob_kills":1,"minecraft:interact_with_crafting_table":9,"minecraft:leave_game":10,"minecraft:time_since_death":10165,"minecraft:time_since_rest":10223,"minecraft:sprint_one_cm":79243,"minecraft:damage_taken":2517,"minecraft:walk_one_cm":109607,"minecraft:drop":61,"minecraft:damage_dealt":302,"minecraft:talked_to_villager":2,"minecraft:fly_one_cm":86812,"minecraft:player_kills":1,"minecraft:crouch_one_cm":7666,"minecraft:play_time":67158,"minecraft:deaths":7,"minecraft:sneak_time":2264,"minecraft:walk_under_water_one_cm":70,"minecraft:boat_one_cm":2365,"minecraft:jump":581,"minecraft:walk_on_water_one_cm":669,"minecraft:total_world_time":67158,"minecraft:fall_one_cm":29687,"minecraft:horse_one_cm":17547},"minecraft:crafted":{"minecraft:dark_oak_boat":1,"minecraft:crafting_table":3,"minecraft:wooden_pickaxe":1,"minecraft:bucket":1,"minecraft:stone_axe":1,"minecraft:air":0,"minecraft:shield":1,"minecraft:stick":12,"minecraft:iron_ingot":2,"minecraft:stone_pickaxe":1,"minecraft:stone_sword":1,"minecraft:dark_oak_planks":72},"minecraft:used":{"minecraft:stone_sword":3,"minecraft:stone_pickaxe":32,"minecraft:wooden_pickaxe":3,"minecraft:crafting_table":2,"minecraft:dripstone_block":1,"minecraft:dark_oak_log":1,"minecraft:cobblestone":3,"minecraft:dark_oak_boat":2,"minecraft:bucket":1,"minecraft:cooked_beef":4},"minecraft:picked_up":{"minecraft:crafting_table":2,"minecraft:cooked_beef":25,"minecraft:water_bucket":1,"minecraft:leather":10,"minecraft:dark_oak_boat":2,"minecraft:lead":1,"minecraft:wooden_pickaxe":1,"minecraft:flint":8,"minecraft:shield":2,"minecraft:gunpowder":8,"minecraft:amethyst_block":13,"minecraft:lapis_lazuli":62,"minecraft:dirt":2,"minecraft:moss_carpet":2,"minecraft:wheat_seeds":1,"minecraft:bucket":3,"minecraft:iron_ingot":20,"minecraft:beef":3,"minecraft:stone_pickaxe":2,"minecraft:calcite":2,"minecraft:iron_pickaxe":1,"minecraft:flowering_azalea":1,"minecraft:stick":5,"minecraft:raw_iron":10,"minecraft:smooth_basalt":3,"minecraft:torch":2,"minecraft:dripstone_block":3,"minecraft:gravel":10,"minecraft:dark_oak_log":49,"minecraft:dark_oak_planks":54,"minecraft:stone_sword":4,"minecraft:rotten_flesh":19,"minecraft:diamond":1,"minecraft:stone_axe":1,"minecraft:peony":1,"minecraft:glow_berries":1,"minecraft:coal":22,"minecraft:cobblestone":113,"minecraft:ender_pearl":1}},"DataVersion":3953}