{"stats":{"minecraft:mined":{"minecraft:dark_oak_log":3,"minecraft:peony":1},"minecraft:killed_by":{"minecraft:zombie":1},"minecraft:custom":{"minecraft:jump":80,"minecraft:leave_game":1,"minecraft:time_since_rest":82,"minecraft:deaths":1,"minecraft:crouch_one_cm":468,"minecraft:sprint_one_cm":7099,"minecraft:play_time":3303,"minecraft:damage_taken":240,"minecraft:time_since_death":0,"minecraft:walk_one_cm":2875,"minecraft:sneak_time":103,"minecraft:total_world_time":3303,"minecraft:fall_one_cm":3447,"minecraft:fly_one_cm":22643},"minecraft:crafted":{"minecraft:dark_oak_planks":20,"minecraft:crafting_table":1,"minecraft:stick":4},"minecraft:picked_up":{"minecraft:dark_oak_log":3,"minecraft:peony":1}},"DataVersion":3953}