{
  "minecraft:recipes/decorations/crafting_table": {
    "criteria": {
      "unlock_right_away": "2024-06-23 03:02:31 +0000"
    },
    "done": true
  },
  "blazeandcave:biomes/one_with_the_forest": {
    "criteria": {
      "old_growth_birch_forest": "2024-06-23 03:04:19 +0000",
      "forest": "2024-06-23 03:05:41 +0000",
      "dark_forest": "2024-06-23 03:02:32 +0000"
    },
    "done": false
  },
  "blazeandcave:challenges/explorer_of_worlds": {
    "criteria": {
      "old_growth_birch_forest": "2024-06-23 03:04:19 +0000",
      "forest": "2024-06-23 03:05:41 +0000",
      "dark_forest": "2024-06-23 03:02:32 +0000"
    },
    "done": false
  },
  "blazeandcave:bacap/root": {
    "criteria": {
      "location": "2024-06-23 03:02:32 +0000"
    },
    "done": true
  },
  "minecraft:adventure/adventuring_time": {
    "criteria": {
      "forest": "2024-06-23 03:05:41 +0000",
      "dark_forest": "2024-06-23 03:02:32 +0000",
      "birch_forest": "2024-06-23 03:04:19 +0000"
    },
    "done": false
  },
  "blazeandcave:bacap/advancement_legend": {
    "criteria": {
      "bacap_root": "2024-06-23 03:02:33 +0000",
      "which_came_first": "2024-06-23 03:04:32 +0000"
    },
    "done": false
  },
  "blazeandcave:animal/which_came_first": {
    "criteria": {
      "egg": "2024-06-23 03:04:31 +0000"
    },
    "done": true
  },
  "minecraft:recipes/food/cake": {
    "criteria": {
      "has_egg": "2024-06-23 03:04:31 +0000"
    },
    "done": true
  },
  "blazeandcave:challenges/all_the_items": {
    "criteria": {
      "egg": "2024-06-23 03:04:31 +0000"
    },
    "done": false
  },
  "blazeandcave:bacap/animal_milestone": {
    "criteria": {
      "which_came_first": "2024-06-23 03:04:32 +0000"
    },
    "done": false
  },
  "DataVersion": 3953
}