{
  "minecraft:recipes/decorations/crafting_table": {
    "criteria": {
      "unlock_right_away": "2024-06-23 03:02:31 +0000"
    },
    "done": true
  },
  "blazeandcave:biomes/one_with_the_forest": {
    "criteria": {
      "old_growth_birch_forest": "2024-06-23 03:04:19 +0000",
      "forest": "2024-06-23 03:05:41 +0000",
      "dark_forest": "2024-06-23 03:02:32 +0000"
    },
    "done": false
  },
  "blazeandcave:challenges/explorer_of_worlds": {
    "criteria": {
      "old_growth_birch_forest": "2024-06-23 03:04:19 +0000",
      "forest": "2024-06-23 03:05:41 +0000",
      "dark_forest": "2024-06-23 03:02:32 +0000",
      "river": "2024-06-24 00:07:13 +0000"
    },
    "done": false
  },
  "blazeandcave:bacap/root": {
    "criteria": {
      "location": "2024-06-23 03:02:32 +0000"
    },
    "done": true
  },
  "minecraft:adventure/adventuring_time": {
    "criteria": {
      "forest": "2024-06-23 03:05:41 +0000",
      "dark_forest": "2024-06-23 03:02:32 +0000",
      "birch_forest": "2024-06-23 03:04:19 +0000",
      "river": "2024-06-24 00:07:13 +0000"
    },
    "done": false
  },
  "blazeandcave:bacap/advancement_legend": {
    "criteria": {
      "biomes_root": "2024-06-24 00:10:22 +0000",
      "bacap_root": "2024-06-23 03:02:33 +0000",
      "just_keep_swimming": "2024-06-24 00:07:08 +0000",
      "which_came_first": "2024-06-23 03:04:32 +0000",
      "monster_hunter": "2024-06-24 00:10:38 +0000",
      "adventure_root": "2024-06-24 00:10:22 +0000",
      "spooky_skeleton": "2024-06-24 00:10:38 +0000"
    },
    "done": false
  },
  "blazeandcave:animal/which_came_first": {
    "criteria": {
      "egg": "2024-06-23 03:04:31 +0000"
    },
    "done": true
  },
  "minecraft:recipes/food/cake": {
    "criteria": {
      "has_egg": "2024-06-23 03:04:31 +0000"
    },
    "done": true
  },
  "blazeandcave:challenges/all_the_items": {
    "criteria": {
      "wheat_seeds": "2024-06-24 00:12:06 +0000",
      "egg": "2024-06-23 03:04:31 +0000",
      "rotten_flesh": "2024-06-24 00:10:33 +0000",
      "arrow": "2024-06-24 00:10:37 +0000",
      "bone": "2024-06-24 00:10:37 +0000"
    },
    "done": false
  },
  "blazeandcave:bacap/animal_milestone": {
    "criteria": {
      "which_came_first": "2024-06-23 03:04:32 +0000"
    },
    "done": false
  },
  "blazeandcave:challenges/all_the_blocks": {
    "criteria": {
      "dirt": "2024-06-24 00:08:15 +0000"
    },
    "done": false
  },
  "minecraft:recipes/transportation/cherry_boat": {
    "criteria": {
      "in_water": "2024-06-24 00:07:07 +0000"
    },
    "done": true
  },
  "minecraft:adventure/kill_all_mobs": {
    "criteria": {
      "minecraft:skeleton": "2024-06-24 00:10:37 +0000"
    },
    "done": false
  },
  "blazeandcave:bacap/biomes_milestone": {
    "criteria": {
      "just_keep_swimming": "2024-06-24 00:07:08 +0000",
      "root": "2024-06-24 00:10:22 +0000"
    },
    "done": false
  },
  "minecraft:recipes/misc/bone_meal": {
    "criteria": {
      "has_bone": "2024-06-24 00:10:37 +0000"
    },
    "done": true
  },
  "minecraft:recipes/transportation/bamboo_raft": {
    "criteria": {
      "in_water": "2024-06-24 00:07:07 +0000"
    },
    "done": true
  },
  "minecraft:recipes/transportation/spruce_boat": {
    "criteria": {
      "in_water": "2024-06-24 00:07:07 +0000"
    },
    "done": true
  },
  "minecraft:recipes/transportation/birch_boat": {
    "criteria": {
      "in_water": "2024-06-24 00:07:07 +0000"
    },
    "done": true
  },
  "minecraft:recipes/transportation/oak_boat": {
    "criteria": {
      "in_water": "2024-06-24 00:07:07 +0000"
    },
    "done": true
  },
  "minecraft:recipes/transportation/mangrove_boat": {
    "criteria": {
      "in_water": "2024-06-24 00:07:07 +0000"
    },
    "done": true
  },
  "blazeandcave:monsters/spooky_skeleton": {
    "criteria": {
      "skeleton": "2024-06-24 00:10:37 +0000"
    },
    "done": true
  },
  "blazeandcave:biomes/root": {
    "criteria": {
      "killed_by_something": "2024-06-24 00:10:21 +0000"
    },
    "done": true
  },
  "blazeandcave:biomes/just_keep_swimming": {
    "criteria": {
      "enter_water": "2024-06-24 00:07:07 +0000"
    },
    "done": true
  },
  "blazeandcave:monsters/night_runner": {
    "criteria": {
      "skeleton": "2024-06-24 00:10:37 +0000"
    },
    "done": false
  },
  "blazeandcave:bacap/monsters_milestone": {
    "criteria": {
      "monster_hunter": "2024-06-24 00:10:38 +0000",
      "spooky_skeleton": "2024-06-24 00:10:38 +0000"
    },
    "done": false
  },
  "blazeandcave:technical/fail_dragon_vs": {
    "criteria": {
      "enter_water": "2024-06-24 00:07:07 +0000"
    },
    "done": true
  },
  "minecraft:recipes/transportation/acacia_boat": {
    "criteria": {
      "in_water": "2024-06-24 00:07:07 +0000"
    },
    "done": true
  },
  "minecraft:adventure/root": {
    "criteria": {
      "killed_by_something": "2024-06-24 00:10:21 +0000"
    },
    "done": true
  },
  "blazeandcave:biomes/wet_feet": {
    "criteria": {
      "river": "2024-06-24 00:07:13 +0000"
    },
    "done": false
  },
  "blazeandcave:bacap/adventure_milestone": {
    "criteria": {
      "root": "2024-06-24 00:10:22 +0000"
    },
    "done": false
  },
  "minecraft:adventure/kill_a_mob": {
    "criteria": {
      "monster_hunter": "2024-06-24 00:10:37 +0000"
    },
    "done": true
  },
  "blazeandcave:potion/a_much_more_doable_challenge": {
    "criteria": {
      "regeneration": "2024-06-24 00:10:55 +0000"
    },
    "done": false
  },
  "blazeandcave:challenges/death_from_all": {
    "criteria": {
      "zombie": "2024-06-24 00:10:21 +0000"
    },
    "done": false
  },
  "minecraft:recipes/transportation/jungle_boat": {
    "criteria": {
      "in_water": "2024-06-24 00:07:07 +0000"
    },
    "done": true
  },
  "minecraft:recipes/transportation/dark_oak_boat": {
    "criteria": {
      "in_water": "2024-06-24 00:07:07 +0000"
    },
    "done": true
  },
  "DataVersion": 3953
}