{
  "minecraft:recipes/decorations/crafting_table": {
    "criteria": {
      "unlock_right_away": "2024-06-24 00:44:46 +0000"
    },
    "done": true
  },
  "blazeandcave:biomes/one_with_the_forest": {
    "criteria": {
      "old_growth_birch_forest": "2024-06-24 01:13:56 +0000",
      "forest": "2024-06-25 02:48:48 +0000",
      "dark_forest": "2024-06-24 00:44:47 +0000",
      "plains": "2024-06-25 02:50:13 +0000"
    },
    "done": false
  },
  "blazeandcave:challenges/explorer_of_worlds": {
    "criteria": {
      "old_growth_birch_forest": "2024-06-24 01:13:56 +0000",
      "forest": "2024-06-25 02:48:48 +0000",
      "dripstone_caves": "2024-06-24 01:14:39 +0000",
      "dark_forest": "2024-06-24 00:44:47 +0000",
      "plains": "2024-06-25 02:50:13 +0000",
      "lush_caves": "2024-06-24 01:14:01 +0000",
      "river": "2024-06-25 02:50:08 +0000",
      "meadow": "2024-06-25 02:50:30 +0000"
    },
    "done": false
  },
  "blazeandcave:bacap/root": {
    "criteria": {
      "location": "2024-06-24 00:44:47 +0000"
    },
    "done": true
  },
  "minecraft:adventure/adventuring_time": {
    "criteria": {
      "forest": "2024-06-25 02:48:48 +0000",
      "dark_forest": "2024-06-24 00:44:47 +0000",
      "plains": "2024-06-25 02:50:13 +0000",
      "birch_forest": "2024-06-24 01:13:56 +0000",
      "river": "2024-06-25 02:50:08 +0000",
      "meadow": "2024-06-25 02:50:30 +0000"
    },
    "done": false
  },
  "blazeandcave:bacap/advancement_legend": {
    "criteria": {
      "diamonds": "2024-06-24 01:30:33 +0000",
      "benchmarking": "2024-06-24 01:05:47 +0000",
      "leaflet_drop": "2024-06-24 01:30:49 +0000",
      "bacap_root": "2024-06-24 00:44:48 +0000",
      "gi_geode": "2024-06-24 01:15:43 +0000",
      "deep_slate_nine": "2024-06-24 01:28:10 +0000",
      "meet_the_flintstones": "2024-06-24 01:06:14 +0000",
      "mining_root": "2024-06-24 01:05:58 +0000",
      "full_stomach": "2024-06-25 02:48:31 +0000",
      "good_for_your_bones": "2024-06-24 01:15:37 +0000",
      "thats_the_point": "2024-06-24 01:28:10 +0000",
      "weaponry_root": "2024-06-24 01:23:23 +0000",
      "suit_up": "2024-06-24 01:39:12 +0000",
      "tarzan": "2024-06-24 01:33:51 +0000",
      "time_to_chop": "2024-06-24 01:07:32 +0000",
      "not_today_thank_you": "2024-06-25 02:30:47 +0000",
      "spooky_skeleton": "2024-06-24 01:37:19 +0000",
      "viking": "2024-06-24 01:11:40 +0000",
      "wooly": "2024-06-25 02:46:46 +0000",
      "monsters_root": "2024-06-24 01:23:23 +0000",
      "deals_off": "2024-06-24 00:46:47 +0000",
      "adventure_root": "2024-06-24 01:11:40 +0000",
      "stone_age": "2024-06-24 01:06:05 +0000",
      "aww_it_broke": "2024-06-24 01:19:36 +0000",
      "getting_wood": "2024-06-24 01:03:22 +0000",
      "isnt_it_iron_pick": "2024-06-24 01:19:47 +0000",
      "blast_it": "2024-06-24 01:40:36 +0000",
      "just_keep_swimming": "2024-06-24 01:28:10 +0000",
      "spring_in_your_step": "2024-06-24 01:32:41 +0000",
      "blast_shield": "2024-06-24 01:28:13 +0000",
      "getting_an_upgrade": "2024-06-24 01:06:41 +0000",
      "the_cutest_predator": "2024-06-24 01:33:05 +0000",
      "time_to_strike": "2024-06-24 01:23:23 +0000",
      "dead_dont_die": "2024-06-24 01:23:40 +0000",
      "acquire_hardware": "2024-06-24 01:16:03 +0000",
      "iron_belly": "2024-06-24 01:40:47 +0000",
      "smooth_dude": "2024-06-24 01:40:21 +0000",
      "diamonds_to_you": "2024-06-24 01:31:00 +0000",
      "hot_topic": "2024-06-24 01:15:03 +0000",
      "fossil_fuel": "2024-06-24 01:13:05 +0000",
      "the_first_night": "2024-06-24 01:20:21 +0000",
      "sir_knight": "2024-06-24 01:16:14 +0000",
      "what_a_creep": "2024-06-24 01:41:06 +0000",
      "cow_tipper": "2024-06-24 00:51:32 +0000",
      "seeing_red": "2024-06-24 01:30:15 +0000",
      "redstone_root": "2024-06-24 01:30:15 +0000",
      "building_root": "2024-06-24 01:05:47 +0000",
      "this_is_mine_now": "2024-06-25 02:36:04 +0000",
      "heart_of_darkness": "2024-06-24 01:10:24 +0000",
      "the_ender_of_ender": "2024-06-24 01:20:30 +0000",
      "diam_oh_wait_no": "2024-06-24 01:12:40 +0000",
      "iron_man": "2024-06-24 01:47:01 +0000",
      "animal_root": "2024-06-24 01:03:18 +0000",
      "for_you_my_sweet": "2024-06-25 02:51:08 +0000",
      "high_steaks": "2024-06-24 01:03:18 +0000",
      "boaty_mcboatface": "2024-06-24 01:22:00 +0000",
      "shield_luck": "2024-06-24 01:23:33 +0000",
      "monster_hunter": "2024-06-24 01:20:30 +0000",
      "statistics_root": "2024-06-24 01:20:22 +0000",
      "time_to_mine": "2024-06-24 01:05:58 +0000",
      "bacon": "2024-06-25 02:47:44 +0000",
      "sneaky_snitch": "2024-06-24 00:46:09 +0000",
      "biomes_root": "2024-06-24 01:11:40 +0000",
      "ooh_baby": "2024-06-24 01:23:40 +0000"
    },
    "done": false
  },
  "blazeandcave:statistics/sneaky_snitch": {
    "criteria": {
      "trigger": "2024-06-24 00:46:08 +0000"
    },
    "done": true
  },
  "blazeandcave:bacap/statistics_milestone": {
    "criteria": {
      "sneaky_snitch": "2024-06-24 00:46:09 +0000",
      "root": "2024-06-24 01:20:22 +0000",
      "spring_in_your_step": "2024-06-24 01:32:41 +0000",
      "the_first_night": "2024-06-24 01:20:21 +0000"
    },
    "done": false
  },
  "blazeandcave:adventure/deals_off": {
    "criteria": {
      "llama_hurt_player": "2024-06-24 00:46:47 +0000"
    },
    "done": true
  },
  "blazeandcave:bacap/adventure_milestone": {
    "criteria": {
      "root": "2024-06-24 01:11:40 +0000",
      "deals_off": "2024-06-24 00:46:47 +0000"
    },
    "done": false
  },
  "blazeandcave:technical/fail_dragon_vs": {
    "criteria": {
      "ride": "2024-06-24 00:47:01 +0000"
    },
    "done": true
  },
  "blazeandcave:challenges/all_the_items": {
    "criteria": {
      "water_bucket": "2024-06-24 01:22:15 +0000",
      "raw_iron": "2024-06-24 01:12:22 +0000",
      "shield": "2024-06-24 01:16:14 +0000",
      "dark_oak_boat": "2024-06-24 01:22:05 +0000",
      "arrow": "2024-06-24 01:37:19 +0000",
      "iron_chestplate": "2024-06-24 01:46:59 +0000",
      "cooked_beef": "2024-06-24 01:01:33 +0000",
      "beef": "2024-06-24 01:11:40 +0000",
      "bow": "2024-06-25 02:37:26 +0000",
      "stone_sword": "2024-06-24 01:23:23 +0000",
      "axolotl_bucket": "2024-06-24 01:33:05 +0000",
      "porkchop": "2024-06-25 02:47:50 +0000",
      "tropical_fish": "2024-06-24 01:32:53 +0000",
      "iron_ingot": "2024-06-24 01:16:03 +0000",
      "iron_axe": "2024-06-24 01:27:52 +0000",
      "iron_boots": "2024-06-24 01:39:09 +0000",
      "ender_pearl": "2024-06-24 01:20:30 +0000",
      "lapis_lazuli": "2024-06-24 01:12:40 +0000",
      "iron_pickaxe": "2024-06-24 01:19:47 +0000",
      "stick": "2024-06-24 01:05:50 +0000",
      "stone_pickaxe": "2024-06-24 01:06:41 +0000",
      "iron_helmet": "2024-06-24 01:39:11 +0000",
      "mutton": "2024-06-25 02:46:49 +0000",
      "rotten_flesh": "2024-06-24 01:23:22 +0000",
      "wooden_pickaxe": "2024-06-24 01:05:58 +0000",
      "glow_berries": "2024-06-24 01:30:21 +0000",
      "raw_gold": "2024-06-24 01:36:34 +0000",
      "glow_ink_sac": "2024-06-25 02:34:17 +0000",
      "bone": "2024-06-24 01:37:19 +0000",
      "gunpowder": "2024-06-24 01:23:21 +0000",
      "iron_leggings": "2024-06-24 01:41:34 +0000",
      "leather": "2024-06-24 00:51:32 +0000",
      "lead": "2024-06-24 00:47:30 +0000",
      "bucket": "2024-06-24 01:16:08 +0000",
      "diamond": "2024-06-24 01:30:33 +0000",
      "amethyst_shard": "2024-06-24 01:15:43 +0000",
      "flint": "2024-06-24 01:06:14 +0000",
      "coal": "2024-06-24 01:13:05 +0000",
      "stone_axe": "2024-06-24 01:07:32 +0000",
      "redstone": "2024-06-24 01:30:15 +0000"
    },
    "done": false
  },
  "blazeandcave:potion/a_much_more_doable_challenge": {
    "criteria": {
      "poison": "2024-06-24 01:10:49 +0000",
      "regeneration": "2024-06-24 00:48:47 +0000",
      "hunger": "2024-06-24 01:40:47 +0000"
    },
    "done": false
  },
  "minecraft:recipes/combat/leather_helmet": {
    "criteria": {
      "has_leather": "2024-06-24 00:51:32 +0000"
    },
    "done": true
  },
  "minecraft:recipes/combat/leather_leggings": {
    "criteria": {
      "has_leather": "2024-06-24 00:51:32 +0000"
    },
    "done": true
  },
  "blazeandcave:animal/cow_tipper": {
    "criteria": {
      "leather": "2024-06-24 00:51:32 +0000"
    },
    "done": true
  },
  "minecraft:recipes/combat/leather_chestplate": {
    "criteria": {
      "has_leather": "2024-06-24 00:51:32 +0000"
    },
    "done": true
  },
  "minecraft:recipes/misc/leather_horse_armor": {
    "criteria": {
      "has_leather": "2024-06-24 00:51:32 +0000"
    },
    "done": true
  },
  "minecraft:recipes/decorations/item_frame": {
    "criteria": {
      "has_leather": "2024-06-24 00:51:32 +0000"
    },
    "done": true
  },
  "minecraft:recipes/combat/leather_boots": {
    "criteria": {
      "has_leather": "2024-06-24 00:51:32 +0000"
    },
    "done": true
  },
  "blazeandcave:bacap/animal_milestone": {
    "criteria": {
      "bacon": "2024-06-25 02:47:44 +0000",
      "the_cutest_predator": "2024-06-24 01:33:05 +0000",
      "wooly": "2024-06-25 02:46:46 +0000",
      "root": "2024-06-24 01:03:18 +0000",
      "high_steaks": "2024-06-24 01:03:18 +0000",
      "cow_tipper": "2024-06-24 00:51:32 +0000"
    },
    "done": false
  },
  "blazeandcave:animal/high_steaks": {
    "criteria": {
      "cooked_beef": "2024-06-24 01:03:18 +0000"
    },
    "done": true
  },
  "minecraft:husbandry/root": {
    "criteria": {
      "consumed_item": "2024-06-24 01:03:18 +0000"
    },
    "done": true
  },
  "blazeandcave:farming/meat_lovers": {
    "criteria": {
      "rotten_flesh": "2024-06-24 01:40:47 +0000",
      "cooked_beef": "2024-06-24 01:03:18 +0000"
    },
    "done": false
  },
  "minecraft:husbandry/balanced_diet": {
    "criteria": {
      "rotten_flesh": "2024-06-24 01:40:47 +0000",
      "cooked_beef": "2024-06-24 01:03:18 +0000"
    },
    "done": false
  },
  "blazeandcave:challenges/all_the_blocks": {
    "criteria": {
      "pointed_dripstone": "2024-06-24 01:28:10 +0000",
      "dark_oak_log": "2024-06-24 01:03:22 +0000",
      "moss_carpet": "2024-06-24 01:34:42 +0000",
      "white_wool": "2024-06-25 02:46:55 +0000",
      "furnace": "2024-06-24 01:15:02 +0000",
      "poppy": "2024-06-25 02:51:24 +0000",
      "crafting_table": "2024-06-24 01:05:47 +0000",
      "dark_oak_planks": "2024-06-24 01:05:45 +0000",
      "dirt": "2024-06-24 01:10:17 +0000",
      "moss_block": "2024-06-24 01:34:35 +0000",
      "calcite": "2024-06-24 01:15:37 +0000",
      "torch": "2024-06-24 01:23:21 +0000",
      "gravel": "2024-06-24 01:06:12 +0000",
      "smooth_basalt": "2024-06-24 01:15:27 +0000",
      "cobblestone": "2024-06-24 01:06:05 +0000",
      "granite": "2024-06-24 01:21:18 +0000",
      "dripstone_block": "2024-06-24 01:29:11 +0000",
      "big_dripleaf": "2024-06-24 01:30:49 +0000",
      "cornflower": "2024-06-25 02:51:07 +0000",
      "cobbled_deepslate": "2024-06-24 01:36:19 +0000",
      "andesite": "2024-06-25 02:45:26 +0000",
      "smooth_stone": "2024-06-24 01:40:21 +0000",
      "amethyst_block": "2024-06-24 01:15:38 +0000",
      "blast_furnace": "2024-06-24 01:40:36 +0000"
    },
    "done": false
  },
  "minecraft:recipes/building_blocks/dark_oak_planks": {
    "criteria": {
      "has_log": "2024-06-24 01:03:22 +0000"
    },
    "done": true
  },
  "blazeandcave:building/yay_i_got_my_wood": {
    "criteria": {
      "dark_oak_log": "2024-06-24 01:03:22 +0000"
    },
    "done": false
  },
  "minecraft:recipes/misc/charcoal": {
    "criteria": {
      "has_log": "2024-06-24 01:03:22 +0000"
    },
    "done": true
  },
  "minecraft:recipes/building_blocks/dark_oak_wood": {
    "criteria": {
      "has_log": "2024-06-24 01:03:22 +0000"
    },
    "done": true
  },
  "blazeandcave:bacap/getting_wood": {
    "criteria": {
      "dark_oak_log": "2024-06-24 01:03:22 +0000"
    },
    "done": true
  },
  "blazeandcave:building/professor_dark_oak": {
    "criteria": {
      "dark_oak_log": "2024-06-24 01:03:22 +0000",
      "dark_oak_boat": "2024-06-24 01:22:05 +0000",
      "dark_oak_planks": "2024-06-24 01:05:45 +0000"
    },
    "done": false
  },
  "minecraft:recipes/redstone/dark_oak_fence_gate": {
    "criteria": {
      "has_planks": "2024-06-24 01:05:45 +0000"
    },
    "done": true
  },
  "minecraft:recipes/redstone/dark_oak_trapdoor": {
    "criteria": {
      "has_planks": "2024-06-24 01:05:45 +0000"
    },
    "done": true
  },
  "minecraft:recipes/redstone/dark_oak_button": {
    "criteria": {
      "has_planks": "2024-06-24 01:05:45 +0000"
    },
    "done": true
  },
  "minecraft:recipes/misc/stick": {
    "criteria": {
      "has_planks": "2024-06-24 01:05:45 +0000"
    },
    "done": true
  },
  "minecraft:recipes/building_blocks/dark_oak_stairs": {
    "criteria": {
      "has_planks": "2024-06-24 01:05:45 +0000"
    },
    "done": true
  },
  "minecraft:recipes/redstone/dark_oak_pressure_plate": {
    "criteria": {
      "has_planks": "2024-06-24 01:05:45 +0000"
    },
    "done": true
  },
  "minecraft:recipes/decorations/dark_oak_fence": {
    "criteria": {
      "has_planks": "2024-06-24 01:05:45 +0000"
    },
    "done": true
  },
  "minecraft:recipes/building_blocks/dark_oak_slab": {
    "criteria": {
      "has_planks": "2024-06-24 01:05:45 +0000"
    },
    "done": true
  },
  "minecraft:recipes/redstone/dark_oak_door": {
    "criteria": {
      "has_planks": "2024-06-24 01:05:45 +0000"
    },
    "done": true
  },
  "minecraft:recipes/decorations/barrel": {
    "criteria": {
      "has_planks": "2024-06-24 01:05:45 +0000"
    },
    "done": true
  },
  "minecraft:recipes/decorations/dark_oak_sign": {
    "criteria": {
      "has_planks": "2024-06-24 01:05:45 +0000"
    },
    "done": true
  },
  "blazeandcave:technical/bacap_branch_end": {
    "criteria": {
      "crafting_table": "2024-06-24 01:05:47 +0000"
    },
    "done": true
  },
  "blazeandcave:building/root": {
    "criteria": {
      "crafting_table": "2024-06-24 01:05:47 +0000"
    },
    "done": true
  },
  "blazeandcave:bacap/building_milestone": {
    "criteria": {
      "blast_it": "2024-06-24 01:40:36 +0000",
      "smooth_dude": "2024-06-24 01:40:21 +0000",
      "root": "2024-06-24 01:05:47 +0000"
    },
    "done": false
  },
  "minecraft:story/root": {
    "criteria": {
      "crafting_table": "2024-06-24 01:05:47 +0000"
    },
    "done": true
  },
  "minecraft:recipes/decorations/ladder": {
    "criteria": {
      "has_stick": "2024-06-24 01:05:50 +0000"
    },
    "done": true
  },
  "minecraft:recipes/tools/wooden_axe": {
    "criteria": {
      "has_stick": "2024-06-24 01:05:50 +0000"
    },
    "done": true
  },
  "minecraft:recipes/decorations/campfire": {
    "criteria": {
      "has_stick": "2024-06-24 01:05:50 +0000"
    },
    "done": true
  },
  "minecraft:recipes/tools/wooden_hoe": {
    "criteria": {
      "has_stick": "2024-06-24 01:05:50 +0000"
    },
    "done": true
  },
  "minecraft:recipes/tools/wooden_pickaxe": {
    "criteria": {
      "has_stick": "2024-06-24 01:05:50 +0000"
    },
    "done": true
  },
  "minecraft:recipes/tools/wooden_shovel": {
    "criteria": {
      "has_stick": "2024-06-24 01:05:50 +0000"
    },
    "done": true
  },
  "minecraft:recipes/combat/wooden_sword": {
    "criteria": {
      "has_stick": "2024-06-24 01:05:50 +0000"
    },
    "done": true
  },
  "blazeandcave:challenges/stack_all_the_items": {
    "criteria": {
      "water_bucket": "2024-06-24 01:22:15 +0000",
      "shield": "2024-06-24 01:16:14 +0000",
      "dark_oak_boat": "2024-06-24 01:22:05 +0000",
      "wooden_pickaxe": "2024-06-24 01:05:58 +0000",
      "iron_chestplate": "2024-06-24 01:46:59 +0000",
      "iron_leggings": "2024-06-24 01:41:34 +0000",
      "bow": "2024-06-25 02:37:26 +0000",
      "stone_sword": "2024-06-24 01:23:23 +0000",
      "axolotl_bucket": "2024-06-24 01:33:05 +0000",
      "iron_axe": "2024-06-24 01:27:52 +0000",
      "iron_boots": "2024-06-24 01:39:09 +0000",
      "iron_pickaxe": "2024-06-24 01:19:47 +0000",
      "stone_pickaxe": "2024-06-24 01:06:41 +0000",
      "iron_helmet": "2024-06-24 01:39:11 +0000",
      "stone_axe": "2024-06-24 01:07:32 +0000"
    },
    "done": false
  },
  "blazeandcave:bacap/time_to_mine": {
    "criteria": {
      "wooden_pickaxe": "2024-06-24 01:05:58 +0000"
    },
    "done": true
  },
  "blazeandcave:bacap/mining_milestone": {
    "criteria": {
      "diam_oh_wait_no": "2024-06-24 01:12:40 +0000",
      "diamonds": "2024-06-24 01:30:33 +0000",
      "acquire_hardware": "2024-06-24 01:16:03 +0000",
      "leaflet_drop": "2024-06-24 01:30:49 +0000",
      "iron_man": "2024-06-24 01:47:01 +0000",
      "diamonds_to_you": "2024-06-24 01:31:00 +0000",
      "hot_topic": "2024-06-24 01:15:03 +0000",
      "fossil_fuel": "2024-06-24 01:13:05 +0000",
      "gi_geode": "2024-06-24 01:15:43 +0000",
      "deep_slate_nine": "2024-06-24 01:28:10 +0000",
      "stone_age": "2024-06-24 01:06:05 +0000",
      "aww_it_broke": "2024-06-24 01:19:36 +0000",
      "meet_the_flintstones": "2024-06-24 01:06:14 +0000",
      "seeing_red": "2024-06-24 01:30:15 +0000",
      "isnt_it_iron_pick": "2024-06-24 01:19:47 +0000",
      "this_is_mine_now": "2024-06-25 02:36:04 +0000",
      "good_for_your_bones": "2024-06-24 01:15:37 +0000",
      "root": "2024-06-24 01:05:58 +0000",
      "heart_of_darkness": "2024-06-24 01:10:24 +0000",
      "thats_the_point": "2024-06-24 01:28:10 +0000",
      "suit_up": "2024-06-24 01:39:12 +0000",
      "getting_an_upgrade": "2024-06-24 01:06:41 +0000"
    },
    "done": false
  },
  "blazeandcave:mining/root": {
    "criteria": {
      "pickaxe": "2024-06-24 01:05:58 +0000"
    },
    "done": true
  },
  "minecraft:recipes/redstone/lever": {
    "criteria": {
      "has_cobblestone": "2024-06-24 01:06:05 +0000"
    },
    "done": true
  },
  "minecraft:recipes/combat/stone_sword": {
    "criteria": {
      "has_cobblestone": "2024-06-24 01:06:05 +0000"
    },
    "done": true
  },
  "minecraft:recipes/decorations/cobblestone_wall": {
    "criteria": {
      "has_cobblestone": "2024-06-24 01:06:05 +0000"
    },
    "done": true
  },
  "minecraft:recipes/tools/stone_axe": {
    "criteria": {
      "has_cobblestone": "2024-06-24 01:06:05 +0000"
    },
    "done": true
  },
  "minecraft:story/mine_stone": {
    "criteria": {
      "cobblestone": "2024-06-24 01:06:05 +0000"
    },
    "done": true
  },
  "minecraft:recipes/decorations/furnace": {
    "criteria": {
      "has_cobblestone": "2024-06-24 01:06:05 +0000"
    },
    "done": true
  },
  "minecraft:recipes/building_blocks/cobblestone_slab_from_cobblestone_stonecutting": {
    "criteria": {
      "has_cobblestone": "2024-06-24 01:06:05 +0000"
    },
    "done": true
  },
  "minecraft:recipes/building_blocks/stone": {
    "criteria": {
      "has_cobblestone": "2024-06-24 01:06:05 +0000"
    },
    "done": true
  },
  "blazeandcave:building/rock_collection": {
    "criteria": {
      "smooth_basalt": "2024-06-24 01:15:27 +0000",
      "cobblestone": "2024-06-24 01:06:05 +0000",
      "granite": "2024-06-24 01:21:18 +0000",
      "dripstone_block": "2024-06-24 01:29:11 +0000",
      "calcite": "2024-06-24 01:15:37 +0000",
      "cobbled_deepslate": "2024-06-24 01:36:19 +0000",
      "andesite": "2024-06-25 02:45:26 +0000"
    },
    "done": false
  },
  "minecraft:recipes/tools/stone_pickaxe": {
    "criteria": {
      "has_cobblestone": "2024-06-24 01:06:05 +0000"
    },
    "done": true
  },
  "minecraft:recipes/building_blocks/cobblestone_slab": {
    "criteria": {
      "has_cobblestone": "2024-06-24 01:06:05 +0000"
    },
    "done": true
  },
  "minecraft:recipes/decorations/cobblestone_wall_from_cobblestone_stonecutting": {
    "criteria": {
      "has_cobblestone": "2024-06-24 01:06:05 +0000"
    },
    "done": true
  },
  "minecraft:recipes/building_blocks/cobblestone_stairs_from_cobblestone_stonecutting": {
    "criteria": {
      "has_cobblestone": "2024-06-24 01:06:05 +0000"
    },
    "done": true
  },
  "minecraft:recipes/building_blocks/cobblestone_stairs": {
    "criteria": {
      "has_cobblestone": "2024-06-24 01:06:05 +0000"
    },
    "done": true
  },
  "minecraft:recipes/tools/stone_hoe": {
    "criteria": {
      "has_cobblestone": "2024-06-24 01:06:05 +0000"
    },
    "done": true
  },
  "minecraft:recipes/tools/stone_shovel": {
    "criteria": {
      "has_cobblestone": "2024-06-24 01:06:05 +0000"
    },
    "done": true
  },
  "minecraft:recipes/building_blocks/coarse_dirt": {
    "criteria": {
      "has_gravel": "2024-06-24 01:06:12 +0000"
    },
    "done": true
  },
  "minecraft:recipes/building_blocks/light_gray_concrete_powder": {
    "criteria": {
      "has_gravel": "2024-06-24 01:06:12 +0000"
    },
    "done": true
  },
  "minecraft:recipes/building_blocks/pink_concrete_powder": {
    "criteria": {
      "has_gravel": "2024-06-24 01:06:12 +0000"
    },
    "done": true
  },
  "minecraft:recipes/building_blocks/red_concrete_powder": {
    "criteria": {
      "has_gravel": "2024-06-24 01:06:12 +0000"
    },
    "done": true
  },
  "minecraft:recipes/building_blocks/brown_concrete_powder": {
    "criteria": {
      "has_gravel": "2024-06-24 01:06:12 +0000"
    },
    "done": true
  },
  "minecraft:recipes/building_blocks/light_blue_concrete_powder": {
    "criteria": {
      "has_gravel": "2024-06-24 01:06:12 +0000"
    },
    "done": true
  },
  "minecraft:recipes/building_blocks/green_concrete_powder": {
    "criteria": {
      "has_gravel": "2024-06-24 01:06:12 +0000"
    },
    "done": true
  },
  "minecraft:recipes/building_blocks/blue_concrete_powder": {
    "criteria": {
      "has_gravel": "2024-06-24 01:06:12 +0000"
    },
    "done": true
  },
  "minecraft:recipes/building_blocks/white_concrete_powder": {
    "criteria": {
      "has_gravel": "2024-06-24 01:06:12 +0000"
    },
    "done": true
  },
  "minecraft:recipes/building_blocks/lime_concrete_powder": {
    "criteria": {
      "has_gravel": "2024-06-24 01:06:12 +0000"
    },
    "done": true
  },
  "minecraft:recipes/building_blocks/orange_concrete_powder": {
    "criteria": {
      "has_gravel": "2024-06-24 01:06:12 +0000"
    },
    "done": true
  },
  "minecraft:recipes/building_blocks/magenta_concrete_powder": {
    "criteria": {
      "has_gravel": "2024-06-24 01:06:12 +0000"
    },
    "done": true
  },
  "minecraft:recipes/building_blocks/yellow_concrete_powder": {
    "criteria": {
      "has_gravel": "2024-06-24 01:06:12 +0000"
    },
    "done": true
  },
  "minecraft:recipes/building_blocks/gray_concrete_powder": {
    "criteria": {
      "has_gravel": "2024-06-24 01:06:12 +0000"
    },
    "done": true
  },
  "minecraft:recipes/building_blocks/black_concrete_powder": {
    "criteria": {
      "has_gravel": "2024-06-24 01:06:12 +0000"
    },
    "done": true
  },
  "minecraft:recipes/building_blocks/purple_concrete_powder": {
    "criteria": {
      "has_gravel": "2024-06-24 01:06:12 +0000"
    },
    "done": true
  },
  "minecraft:recipes/building_blocks/cyan_concrete_powder": {
    "criteria": {
      "has_gravel": "2024-06-24 01:06:12 +0000"
    },
    "done": true
  },
  "minecraft:recipes/decorations/fletching_table": {
    "criteria": {
      "has_flint": "2024-06-24 01:06:14 +0000"
    },
    "done": true
  },
  "minecraft:recipes/combat/arrow": {
    "criteria": {
      "has_flint": "2024-06-24 01:06:14 +0000"
    },
    "done": true
  },
  "minecraft:recipes/decorations/chest": {
    "criteria": {
      "has_lots_of_items": "2024-06-24 01:06:14 +0000"
    },
    "done": true
  },
  "blazeandcave:mining/meet_the_flintstones": {
    "criteria": {
      "flint": "2024-06-24 01:06:14 +0000"
    },
    "done": true
  },
  "minecraft:recipes/tools/flint_and_steel": {
    "criteria": {
      "has_flint": "2024-06-24 01:06:14 +0000"
    },
    "done": true
  },
  "minecraft:recipes/decorations/torch": {
    "criteria": {
      "has_stone_pickaxe": "2024-06-24 01:06:41 +0000"
    },
    "done": true
  },
  "minecraft:story/upgrade_tools": {
    "criteria": {
      "stone_pickaxe": "2024-06-24 01:06:41 +0000"
    },
    "done": true
  },
  "blazeandcave:mining/moar_tools": {
    "criteria": {
      "stone_pickaxe": "2024-06-24 01:06:41 +0000",
      "stone_axe": "2024-06-24 01:07:32 +0000"
    },
    "done": false
  },
  "blazeandcave:bacap/time_to_chop": {
    "criteria": {
      "stone_axe": "2024-06-24 01:07:32 +0000"
    },
    "done": true
  },
  "blazeandcave:mining/heart_of_darkness": {
    "criteria": {
      "enter_cave": "2024-06-24 01:10:23 +0000"
    },
    "done": true
  },
  "blazeandcave:weaponry/viking": {
    "criteria": {
      "axe": "2024-06-24 01:11:39 +0000"
    },
    "done": true
  },
  "blazeandcave:weaponry/axeman": {
    "criteria": {
      "iron_axe": "2024-06-24 01:28:11 +0000",
      "stone_axe": "2024-06-24 01:11:39 +0000"
    },
    "done": false
  },
  "blazeandcave:weaponry/multiclassed": {
    "criteria": {
      "sword": "2024-06-24 01:23:36 +0000",
      "axe": "2024-06-24 01:11:39 +0000"
    },
    "done": false
  },
  "blazeandcave:biomes/root": {
    "criteria": {
      "killed_something": "2024-06-24 01:11:39 +0000"
    },
    "done": true
  },
  "minecraft:adventure/root": {
    "criteria": {
      "killed_something": "2024-06-24 01:11:39 +0000"
    },
    "done": true
  },
  "blazeandcave:bacap/biomes_milestone": {
    "criteria": {
      "just_keep_swimming": "2024-06-24 01:28:10 +0000",
      "for_you_my_sweet": "2024-06-25 02:51:08 +0000",
      "root": "2024-06-24 01:11:40 +0000",
      "boaty_mcboatface": "2024-06-24 01:22:00 +0000",
      "tarzan": "2024-06-24 01:33:51 +0000"
    },
    "done": false
  },
  "blazeandcave:bacap/weaponry_milestone": {
    "criteria": {
      "root": "2024-06-24 01:23:23 +0000",
      "shield_luck": "2024-06-24 01:23:33 +0000",
      "sir_knight": "2024-06-24 01:16:14 +0000",
      "viking": "2024-06-24 01:11:40 +0000"
    },
    "done": false
  },
  "minecraft:recipes/food/cooked_beef_from_smoking": {
    "criteria": {
      "has_beef": "2024-06-24 01:11:40 +0000"
    },
    "done": true
  },
  "minecraft:recipes/food/cooked_beef": {
    "criteria": {
      "has_beef": "2024-06-24 01:11:40 +0000"
    },
    "done": true
  },
  "minecraft:recipes/food/cooked_beef_from_campfire_cooking": {
    "criteria": {
      "has_beef": "2024-06-24 01:11:40 +0000"
    },
    "done": true
  },
  "blazeandcave:challenges/stack_all_the_blocks": {
    "criteria": {
      "cobblestone": "2024-06-24 01:12:17 +0000"
    },
    "done": false
  },
  "minecraft:recipes/building_blocks/raw_iron_block": {
    "criteria": {
      "has_raw_iron": "2024-06-24 01:12:22 +0000"
    },
    "done": true
  },
  "minecraft:recipes/misc/iron_ingot_from_smelting_raw_iron": {
    "criteria": {
      "has_raw_iron": "2024-06-24 01:12:22 +0000"
    },
    "done": true
  },
  "minecraft:recipes/misc/iron_ingot_from_blasting_raw_iron": {
    "criteria": {
      "has_raw_iron": "2024-06-24 01:12:22 +0000"
    },
    "done": true
  },
  "minecraft:recipes/misc/blue_dye": {
    "criteria": {
      "has_lapis_lazuli": "2024-06-24 01:12:40 +0000"
    },
    "done": true
  },
  "minecraft:recipes/building_blocks/lapis_block": {
    "criteria": {
      "has_lapis_lazuli": "2024-06-24 01:12:40 +0000"
    },
    "done": true
  },
  "blazeandcave:mining/diam_oh_wait_no": {
    "criteria": {
      "coal": "2024-06-24 01:12:40 +0000"
    },
    "done": true
  },
  "blazeandcave:mining/fossil_fuel": {
    "criteria": {
      "coal": "2024-06-24 01:13:05 +0000"
    },
    "done": true
  },
  "minecraft:recipes/building_blocks/coal_block": {
    "criteria": {
      "has_coal": "2024-06-24 01:13:05 +0000"
    },
    "done": true
  },
  "blazeandcave:mining/spelunker": {
    "criteria": {
      "dripstone_caves": "2024-06-24 01:14:39 +0000",
      "lush_caves": "2024-06-24 01:14:01 +0000"
    },
    "done": false
  },
  "minecraft:recipes/decorations/smoker": {
    "criteria": {
      "has_furnace": "2024-06-24 01:15:02 +0000"
    },
    "done": true
  },
  "blazeandcave:redstone/engineer": {
    "criteria": {
      "white_wool": "2024-06-25 02:46:55 +0000",
      "furnace": "2024-06-24 01:15:02 +0000",
      "big_dripleaf": "2024-06-24 01:30:49 +0000",
      "amethyst_block": "2024-06-24 01:15:38 +0000",
      "redstone": "2024-06-24 01:30:15 +0000"
    },
    "done": false
  },
  "blazeandcave:mining/hot_topic": {
    "criteria": {
      "furnace": "2024-06-24 01:15:02 +0000"
    },
    "done": true
  },
  "blazeandcave:mining/good_for_your_bones": {
    "criteria": {
      "calcite": "2024-06-24 01:15:37 +0000"
    },
    "done": true
  },
  "blazeandcave:mining/mineral_collection": {
    "criteria": {
      "amethyst_block": "2024-06-24 01:15:38 +0000"
    },
    "done": false
  },
  "minecraft:recipes/tools/spyglass": {
    "criteria": {
      "has_amethyst_shard": "2024-06-24 01:15:43 +0000"
    },
    "done": true
  },
  "minecraft:recipes/redstone/calibrated_sculk_sensor": {
    "criteria": {
      "has_amethyst_shard": "2024-06-24 01:15:43 +0000"
    },
    "done": true
  },
  "minecraft:recipes/building_blocks/tinted_glass": {
    "criteria": {
      "has_amethyst_shard": "2024-06-24 01:15:43 +0000"
    },
    "done": true
  },
  "minecraft:recipes/building_blocks/amethyst_block": {
    "criteria": {
      "has_amethyst_shard": "2024-06-24 01:15:43 +0000"
    },
    "done": true
  },
  "blazeandcave:mining/gi_geode": {
    "criteria": {
      "amethyst_shard": "2024-06-24 01:15:43 +0000"
    },
    "done": true
  },
  "minecraft:recipes/combat/iron_leggings": {
    "criteria": {
      "has_iron_ingot": "2024-06-24 01:16:03 +0000"
    },
    "done": true
  },
  "minecraft:recipes/combat/iron_chestplate": {
    "criteria": {
      "has_iron_ingot": "2024-06-24 01:16:03 +0000"
    },
    "done": true
  },
  "minecraft:recipes/misc/iron_nugget": {
    "criteria": {
      "has_iron_ingot": "2024-06-24 01:16:03 +0000"
    },
    "done": true
  },
  "minecraft:recipes/misc/bucket": {
    "criteria": {
      "has_iron_ingot": "2024-06-24 01:16:03 +0000"
    },
    "done": true
  },
  "minecraft:recipes/combat/iron_helmet": {
    "criteria": {
      "has_iron_ingot": "2024-06-24 01:16:03 +0000"
    },
    "done": true
  },
  "minecraft:recipes/transportation/minecart": {
    "criteria": {
      "has_iron_ingot": "2024-06-24 01:16:03 +0000"
    },
    "done": true
  },
  "minecraft:recipes/tools/iron_hoe": {
    "criteria": {
      "has_iron_ingot": "2024-06-24 01:16:03 +0000"
    },
    "done": true
  },
  "minecraft:story/smelt_iron": {
    "criteria": {
      "iron": "2024-06-24 01:16:03 +0000"
    },
    "done": true
  },
  "minecraft:recipes/tools/shears": {
    "criteria": {
      "has_iron_ingot": "2024-06-24 01:16:03 +0000"
    },
    "done": true
  },
  "minecraft:recipes/decorations/chain": {
    "criteria": {
      "has_iron_ingot": "2024-06-24 01:16:03 +0000"
    },
    "done": true
  },
  "minecraft:recipes/building_blocks/iron_block": {
    "criteria": {
      "has_iron_ingot": "2024-06-24 01:16:03 +0000"
    },
    "done": true
  },
  "minecraft:recipes/decorations/smithing_table": {
    "criteria": {
      "has_iron_ingot": "2024-06-24 01:16:03 +0000"
    },
    "done": true
  },
  "minecraft:recipes/combat/iron_sword": {
    "criteria": {
      "has_iron_ingot": "2024-06-24 01:16:03 +0000"
    },
    "done": true
  },
  "minecraft:recipes/tools/iron_pickaxe": {
    "criteria": {
      "has_iron_ingot": "2024-06-24 01:16:03 +0000"
    },
    "done": true
  },
  "minecraft:recipes/combat/shield": {
    "criteria": {
      "has_iron_ingot": "2024-06-24 01:16:03 +0000"
    },
    "done": true
  },
  "minecraft:recipes/redstone/hopper": {
    "criteria": {
      "has_iron_ingot": "2024-06-24 01:16:03 +0000"
    },
    "done": true
  },
  "minecraft:recipes/decorations/iron_bars": {
    "criteria": {
      "has_iron_ingot": "2024-06-24 01:16:03 +0000"
    },
    "done": true
  },
  "minecraft:recipes/combat/iron_boots": {
    "criteria": {
      "has_iron_ingot": "2024-06-24 01:16:03 +0000"
    },
    "done": true
  },
  "minecraft:recipes/decorations/lantern": {
    "criteria": {
      "has_iron_ingot": "2024-06-24 01:16:03 +0000"
    },
    "done": true
  },
  "minecraft:recipes/tools/iron_shovel": {
    "criteria": {
      "has_iron_ingot": "2024-06-24 01:16:03 +0000"
    },
    "done": true
  },
  "minecraft:recipes/redstone/iron_trapdoor": {
    "criteria": {
      "has_iron_ingot": "2024-06-24 01:16:03 +0000"
    },
    "done": true
  },
  "minecraft:recipes/tools/iron_axe": {
    "criteria": {
      "has_iron_ingot": "2024-06-24 01:16:03 +0000"
    },
    "done": true
  },
  "minecraft:recipes/combat/crossbow": {
    "criteria": {
      "has_iron_ingot": "2024-06-24 01:16:03 +0000"
    },
    "done": true
  },
  "minecraft:recipes/redstone/iron_door": {
    "criteria": {
      "has_iron_ingot": "2024-06-24 01:16:03 +0000"
    },
    "done": true
  },
  "minecraft:recipes/redstone/heavy_weighted_pressure_plate": {
    "criteria": {
      "has_iron_ingot": "2024-06-24 01:16:03 +0000"
    },
    "done": true
  },
  "blazeandcave:weaponry/sir_knight": {
    "criteria": {
      "shield": "2024-06-24 01:16:14 +0000"
    },
    "done": true
  },
  "blazeandcave:mining/moar_broken_tools": {
    "criteria": {
      "stone_pickaxe": "2024-06-24 01:19:36 +0000"
    },
    "done": false
  },
  "blazeandcave:mining/aww_it_broke": {
    "criteria": {
      "break_tool": "2024-06-24 01:19:36 +0000"
    },
    "done": true
  },
  "minecraft:recipes/misc/iron_nugget_from_smelting": {
    "criteria": {
      "has_iron_pickaxe": "2024-06-24 01:19:47 +0000"
    },
    "done": true
  },
  "minecraft:story/iron_tools": {
    "criteria": {
      "iron_pickaxe": "2024-06-24 01:19:47 +0000"
    },
    "done": true
  },
  "minecraft:recipes/misc/iron_nugget_from_blasting": {
    "criteria": {
      "has_iron_pickaxe": "2024-06-24 01:19:47 +0000"
    },
    "done": true
  },
  "blazeandcave:statistics/the_first_night": {
    "criteria": {
      "trigger": "2024-06-24 01:20:21 +0000"
    },
    "done": true
  },
  "blazeandcave:statistics/root": {
    "criteria": {
      "the_first_night": "2024-06-24 01:20:21 +0000"
    },
    "done": true
  },
  "blazeandcave:technical/stat_branch2_mid": {
    "criteria": {
      "root": "2024-06-24 01:20:22 +0000"
    },
    "done": true
  },
  "blazeandcave:technical/stat_branch4_mid": {
    "criteria": {
      "root": "2024-06-24 01:20:22 +0000"
    },
    "done": true
  },
  "blazeandcave:technical/stat_branch6_mid": {
    "criteria": {
      "root": "2024-06-24 01:20:22 +0000"
    },
    "done": true
  },
  "blazeandcave:technical/stat_branch8_mid": {
    "criteria": {
      "root": "2024-06-24 01:20:22 +0000"
    },
    "done": true
  },
  "blazeandcave:technical/stat_branch1_mid": {
    "criteria": {
      "root": "2024-06-24 01:20:22 +0000"
    },
    "done": true
  },
  "blazeandcave:technical/stat_branch3_mid": {
    "criteria": {
      "root": "2024-06-24 01:20:22 +0000"
    },
    "done": true
  },
  "blazeandcave:technical/stat_branch5_mid": {
    "criteria": {
      "root": "2024-06-24 01:20:22 +0000"
    },
    "done": true
  },
  "blazeandcave:technical/stat_branch7_mid": {
    "criteria": {
      "root": "2024-06-24 01:20:22 +0000"
    },
    "done": true
  },
  "blazeandcave:technical/stat_branch9_mid": {
    "criteria": {
      "root": "2024-06-24 01:20:22 +0000"
    },
    "done": true
  },
  "blazeandcave:monsters/the_ender_of_ender": {
    "criteria": {
      "enderman": "2024-06-24 01:20:30 +0000"
    },
    "done": true
  },
  "minecraft:adventure/kill_all_mobs": {
    "criteria": {
      "minecraft:skeleton": "2024-06-24 01:37:19 +0000",
      "minecraft:enderman": "2024-06-24 01:20:30 +0000",
      "minecraft:zombie": "2024-06-24 01:23:40 +0000",
      "minecraft:creeper": "2024-06-24 01:41:06 +0000"
    },
    "done": false
  },
  "blazeandcave:monsters/plane_walker": {
    "criteria": {
      "overworld": "2024-06-24 01:20:30 +0000"
    },
    "done": false
  },
  "blazeandcave:monsters/night_runner": {
    "criteria": {
      "skeleton": "2024-06-24 01:37:19 +0000",
      "zombie": "2024-06-24 01:23:40 +0000",
      "creeper": "2024-06-24 01:41:06 +0000",
      "enderman": "2024-06-24 01:20:30 +0000"
    },
    "done": false
  },
  "blazeandcave:bacap/monsters_milestone": {
    "criteria": {
      "dead_dont_die": "2024-06-24 01:23:40 +0000",
      "iron_belly": "2024-06-24 01:40:47 +0000",
      "root": "2024-06-24 01:23:23 +0000",
      "what_a_creep": "2024-06-24 01:41:06 +0000",
      "ooh_baby": "2024-06-24 01:23:40 +0000",
      "monster_hunter": "2024-06-24 01:20:30 +0000",
      "the_ender_of_ender": "2024-06-24 01:20:30 +0000",
      "not_today_thank_you": "2024-06-25 02:30:47 +0000",
      "blast_shield": "2024-06-24 01:28:13 +0000",
      "spooky_skeleton": "2024-06-24 01:37:19 +0000"
    },
    "done": false
  },
  "minecraft:adventure/kill_a_mob": {
    "criteria": {
      "monster_hunter": "2024-06-24 01:20:30 +0000"
    },
    "done": true
  },
  "minecraft:recipes/building_blocks/granite_slab_from_granite_stonecutting": {
    "criteria": {
      "has_granite": "2024-06-24 01:21:18 +0000"
    },
    "done": true
  },
  "minecraft:recipes/decorations/granite_wall_from_granite_stonecutting": {
    "criteria": {
      "has_granite": "2024-06-24 01:21:18 +0000"
    },
    "done": true
  },
  "minecraft:recipes/building_blocks/polished_granite_from_granite_stonecutting": {
    "criteria": {
      "has_granite": "2024-06-24 01:21:18 +0000"
    },
    "done": true
  },
  "minecraft:recipes/building_blocks/granite_slab": {
    "criteria": {
      "has_granite": "2024-06-24 01:21:18 +0000"
    },
    "done": true
  },
  "minecraft:recipes/building_blocks/granite_stairs": {
    "criteria": {
      "has_granite": "2024-06-24 01:21:18 +0000"
    },
    "done": true
  },
  "minecraft:recipes/building_blocks/granite_stairs_from_granite_stonecutting": {
    "criteria": {
      "has_granite": "2024-06-24 01:21:18 +0000"
    },
    "done": true
  },
  "minecraft:recipes/decorations/granite_wall": {
    "criteria": {
      "has_granite": "2024-06-24 01:21:18 +0000"
    },
    "done": true
  },
  "minecraft:recipes/building_blocks/polished_granite_slab_from_granite_stonecutting": {
    "criteria": {
      "has_granite": "2024-06-24 01:21:18 +0000"
    },
    "done": true
  },
  "minecraft:recipes/building_blocks/polished_granite": {
    "criteria": {
      "has_granite": "2024-06-24 01:21:18 +0000"
    },
    "done": true
  },
  "minecraft:recipes/building_blocks/polished_granite_stairs_from_granite_stonecutting": {
    "criteria": {
      "has_granite": "2024-06-24 01:21:18 +0000"
    },
    "done": true
  },
  "blazeandcave:biomes/boaty_mcboatface": {
    "criteria": {
      "boat": "2024-06-24 01:22:00 +0000"
    },
    "done": true
  },
  "minecraft:recipes/transportation/spruce_chest_boat": {
    "criteria": {
      "has_boat": "2024-06-24 01:22:05 +0000"
    },
    "done": true
  },
  "minecraft:recipes/transportation/jungle_chest_boat": {
    "criteria": {
      "has_boat": "2024-06-24 01:22:05 +0000"
    },
    "done": true
  },
  "minecraft:recipes/transportation/acacia_chest_boat": {
    "criteria": {
      "has_boat": "2024-06-24 01:22:05 +0000"
    },
    "done": true
  },
  "minecraft:recipes/transportation/mangrove_chest_boat": {
    "criteria": {
      "has_boat": "2024-06-24 01:22:05 +0000"
    },
    "done": true
  },
  "minecraft:recipes/transportation/oak_chest_boat": {
    "criteria": {
      "has_boat": "2024-06-24 01:22:05 +0000"
    },
    "done": true
  },
  "minecraft:recipes/transportation/cherry_chest_boat": {
    "criteria": {
      "has_boat": "2024-06-24 01:22:05 +0000"
    },
    "done": true
  },
  "minecraft:recipes/transportation/birch_chest_boat": {
    "criteria": {
      "has_boat": "2024-06-24 01:22:05 +0000"
    },
    "done": true
  },
  "minecraft:recipes/transportation/dark_oak_chest_boat": {
    "criteria": {
      "has_boat": "2024-06-24 01:22:05 +0000"
    },
    "done": true
  },
  "minecraft:recipes/transportation/bamboo_chest_raft": {
    "criteria": {
      "has_boat": "2024-06-24 01:22:05 +0000"
    },
    "done": true
  },
  "minecraft:recipes/brewing/cauldron": {
    "criteria": {
      "has_water_bucket": "2024-06-24 01:22:15 +0000"
    },
    "done": true
  },
  "blazeandcave:challenges/death_from_all": {
    "criteria": {
      "zombie": "2024-06-24 01:22:54 +0000"
    },
    "done": false
  },
  "minecraft:recipes/misc/firework_rocket_simple": {
    "criteria": {
      "has_gunpowder": "2024-06-24 01:23:21 +0000"
    },
    "done": true
  },
  "minecraft:recipes/redstone/tnt": {
    "criteria": {
      "has_gunpowder": "2024-06-24 01:23:21 +0000"
    },
    "done": true
  },
  "blazeandcave:weaponry/root": {
    "criteria": {
      "sword": "2024-06-24 01:23:23 +0000"
    },
    "done": true
  },
  "blazeandcave:bacap/time_to_strike": {
    "criteria": {
      "stone_sword": "2024-06-24 01:23:23 +0000"
    },
    "done": true
  },
  "blazeandcave:monsters/root": {
    "criteria": {
      "sword": "2024-06-24 01:23:23 +0000"
    },
    "done": true
  },
  "blazeandcave:weaponry/master_shieldsman": {
    "criteria": {
      "skeleton": "2024-06-25 02:30:47 +0000",
      "zombie": "2024-06-24 01:23:32 +0000",
      "creeper": "2024-06-24 01:28:13 +0000"
    },
    "done": false
  },
  "blazeandcave:weaponry/shield_luck": {
    "criteria": {
      "deflected_trident": "2024-06-24 01:23:32 +0000"
    },
    "done": true
  },
  "blazeandcave:monsters/ooh_baby": {
    "criteria": {
      "zombie": "2024-06-24 01:23:40 +0000"
    },
    "done": true
  },
  "blazeandcave:monsters/baby_baby_baby_noo": {
    "criteria": {
      "zombie": "2024-06-24 01:23:40 +0000"
    },
    "done": false
  },
  "blazeandcave:monsters/dead_dont_die": {
    "criteria": {
      "zombie": "2024-06-24 01:23:40 +0000"
    },
    "done": true
  },
  "blazeandcave:mining/deep_slate_nine": {
    "criteria": {
      "deepslate_level": "2024-06-24 01:28:09 +0000"
    },
    "done": true
  },
  "minecraft:recipes/transportation/cherry_boat": {
    "criteria": {
      "in_water": "2024-06-24 01:28:09 +0000"
    },
    "done": true
  },
  "minecraft:recipes/transportation/bamboo_raft": {
    "criteria": {
      "in_water": "2024-06-24 01:28:09 +0000"
    },
    "done": true
  },
  "minecraft:recipes/transportation/spruce_boat": {
    "criteria": {
      "in_water": "2024-06-24 01:28:09 +0000"
    },
    "done": true
  },
  "minecraft:recipes/transportation/birch_boat": {
    "criteria": {
      "in_water": "2024-06-24 01:28:09 +0000"
    },
    "done": true
  },
  "minecraft:recipes/transportation/oak_boat": {
    "criteria": {
      "in_water": "2024-06-24 01:28:09 +0000"
    },
    "done": true
  },
  "minecraft:recipes/transportation/mangrove_boat": {
    "criteria": {
      "in_water": "2024-06-24 01:28:09 +0000"
    },
    "done": true
  },
  "blazeandcave:biomes/just_keep_swimming": {
    "criteria": {
      "enter_water": "2024-06-24 01:28:09 +0000"
    },
    "done": true
  },
  "minecraft:recipes/transportation/acacia_boat": {
    "criteria": {
      "in_water": "2024-06-24 01:28:09 +0000"
    },
    "done": true
  },
  "minecraft:recipes/transportation/jungle_boat": {
    "criteria": {
      "in_water": "2024-06-24 01:28:09 +0000"
    },
    "done": true
  },
  "minecraft:recipes/transportation/dark_oak_boat": {
    "criteria": {
      "in_water": "2024-06-24 01:28:09 +0000"
    },
    "done": true
  },
  "blazeandcave:mining/thats_the_point": {
    "criteria": {
      "pointed_dripstone": "2024-06-24 01:28:10 +0000"
    },
    "done": true
  },
  "minecraft:recipes/building_blocks/dripstone_block": {
    "criteria": {
      "has_pointed_dripstone": "2024-06-24 01:28:10 +0000"
    },
    "done": true
  },
  "blazeandcave:monsters/blast_shield": {
    "criteria": {
      "deflected_explosion": "2024-06-24 01:28:13 +0000"
    },
    "done": true
  },
  "blazeandcave:redstone/root": {
    "criteria": {
      "redstone": "2024-06-24 01:30:15 +0000"
    },
    "done": true
  },
  "blazeandcave:bacap/redstone_milestone": {
    "criteria": {
      "root": "2024-06-24 01:30:15 +0000"
    },
    "done": false
  },
  "minecraft:recipes/redstone/redstone_torch": {
    "criteria": {
      "has_redstone": "2024-06-24 01:30:15 +0000"
    },
    "done": true
  },
  "minecraft:recipes/tools/clock": {
    "criteria": {
      "has_redstone": "2024-06-24 01:30:15 +0000"
    },
    "done": true
  },
  "minecraft:recipes/redstone/note_block": {
    "criteria": {
      "has_redstone": "2024-06-24 01:30:15 +0000"
    },
    "done": true
  },
  "minecraft:recipes/redstone/target": {
    "criteria": {
      "has_redstone": "2024-06-24 01:30:15 +0000"
    },
    "done": true
  },
  "minecraft:recipes/tools/compass": {
    "criteria": {
      "has_redstone": "2024-06-24 01:30:15 +0000"
    },
    "done": true
  },
  "minecraft:recipes/redstone/dropper": {
    "criteria": {
      "has_redstone": "2024-06-24 01:30:15 +0000"
    },
    "done": true
  },
  "blazeandcave:mining/seeing_red": {
    "criteria": {
      "redstone": "2024-06-24 01:30:15 +0000"
    },
    "done": true
  },
  "minecraft:recipes/redstone/redstone_block": {
    "criteria": {
      "has_redstone": "2024-06-24 01:30:15 +0000"
    },
    "done": true
  },
  "minecraft:recipes/redstone/piston": {
    "criteria": {
      "has_redstone": "2024-06-24 01:30:15 +0000"
    },
    "done": true
  },
  "minecraft:recipes/combat/diamond_leggings": {
    "criteria": {
      "has_diamond": "2024-06-24 01:30:33 +0000"
    },
    "done": true
  },
  "minecraft:recipes/combat/diamond_sword": {
    "criteria": {
      "has_diamond": "2024-06-24 01:30:33 +0000"
    },
    "done": true
  },
  "minecraft:recipes/decorations/jukebox": {
    "criteria": {
      "has_diamond": "2024-06-24 01:30:33 +0000"
    },
    "done": true
  },
  "minecraft:recipes/combat/diamond_chestplate": {
    "criteria": {
      "has_diamond": "2024-06-24 01:30:33 +0000"
    },
    "done": true
  },
  "minecraft:recipes/tools/diamond_pickaxe": {
    "criteria": {
      "has_diamond": "2024-06-24 01:30:33 +0000"
    },
    "done": true
  },
  "minecraft:recipes/tools/diamond_hoe": {
    "criteria": {
      "has_diamond": "2024-06-24 01:30:33 +0000"
    },
    "done": true
  },
  "minecraft:recipes/tools/diamond_shovel": {
    "criteria": {
      "has_diamond": "2024-06-24 01:30:33 +0000"
    },
    "done": true
  },
  "minecraft:recipes/combat/diamond_boots": {
    "criteria": {
      "has_diamond": "2024-06-24 01:30:33 +0000"
    },
    "done": true
  },
  "minecraft:recipes/combat/diamond_helmet": {
    "criteria": {
      "has_diamond": "2024-06-24 01:30:33 +0000"
    },
    "done": true
  },
  "minecraft:recipes/building_blocks/diamond_block": {
    "criteria": {
      "has_diamond": "2024-06-24 01:30:33 +0000"
    },
    "done": true
  },
  "minecraft:story/mine_diamond": {
    "criteria": {
      "diamond": "2024-06-24 01:30:33 +0000"
    },
    "done": true
  },
  "minecraft:recipes/tools/diamond_axe": {
    "criteria": {
      "has_diamond": "2024-06-24 01:30:33 +0000"
    },
    "done": true
  },
  "blazeandcave:mining/leaflet_drop": {
    "criteria": {
      "big_dripleaf": "2024-06-24 01:30:49 +0000"
    },
    "done": true
  },
  "blazeandcave:mining/diamonds_to_you": {
    "criteria": {
      "diamonds_to_you": "2024-06-24 01:30:59 +0000"
    },
    "done": true
  },
  "blazeandcave:statistics/spring_in_your_step": {
    "criteria": {
      "trigger": "2024-06-24 01:32:40 +0000"
    },
    "done": true
  },
  "blazeandcave:animal/axolotl_of_them": {
    "criteria": {
      "gold": "2024-06-24 01:33:05 +0000"
    },
    "done": false
  },
  "minecraft:husbandry/axolotl_in_a_bucket": {
    "criteria": {
      "axolotl_bucket": "2024-06-24 01:33:05 +0000"
    },
    "done": true
  },
  "blazeandcave:biomes/tarzan": {
    "criteria": {
      "enter_vine": "2024-06-24 01:33:50 +0000"
    },
    "done": true
  },
  "minecraft:recipes/building_blocks/mossy_cobblestone_from_moss_block": {
    "criteria": {
      "has_moss_block": "2024-06-24 01:34:35 +0000"
    },
    "done": true
  },
  "minecraft:recipes/decorations/moss_carpet": {
    "criteria": {
      "has_moss_block": "2024-06-24 01:34:35 +0000"
    },
    "done": true
  },
  "minecraft:recipes/building_blocks/mossy_stone_bricks_from_moss_block": {
    "criteria": {
      "has_moss_block": "2024-06-24 01:34:35 +0000"
    },
    "done": true
  },
  "minecraft:recipes/building_blocks/polished_deepslate": {
    "criteria": {
      "has_cobbled_deepslate": "2024-06-24 01:36:19 +0000"
    },
    "done": true
  },
  "minecraft:recipes/building_blocks/deepslate_tile_stairs_from_cobbled_deepslate_stonecutting": {
    "criteria": {
      "has_cobbled_deepslate": "2024-06-24 01:36:19 +0000"
    },
    "done": true
  },
  "minecraft:recipes/building_blocks/deepslate_brick_stairs_from_cobbled_deepslate_stonecutting": {
    "criteria": {
      "has_cobbled_deepslate": "2024-06-24 01:36:19 +0000"
    },
    "done": true
  },
  "minecraft:recipes/building_blocks/chiseled_deepslate_from_cobbled_deepslate_stonecutting": {
    "criteria": {
      "has_cobbled_deepslate": "2024-06-24 01:36:19 +0000"
    },
    "done": true
  },
  "minecraft:recipes/building_blocks/cobbled_deepslate_slab": {
    "criteria": {
      "has_cobbled_deepslate": "2024-06-24 01:36:19 +0000"
    },
    "done": true
  },
  "minecraft:recipes/decorations/cobbled_deepslate_wall_from_cobbled_deepslate_stonecutting": {
    "criteria": {
      "has_cobbled_deepslate": "2024-06-24 01:36:19 +0000"
    },
    "done": true
  },
  "minecraft:recipes/decorations/cobbled_deepslate_wall": {
    "criteria": {
      "has_cobbled_deepslate": "2024-06-24 01:36:19 +0000"
    },
    "done": true
  },
  "minecraft:recipes/decorations/polished_deepslate_wall_from_cobbled_deepslate_stonecutting": {
    "criteria": {
      "has_cobbled_deepslate": "2024-06-24 01:36:19 +0000"
    },
    "done": true
  },
  "blazeandcave:building/deepslate_conspiracy": {
    "criteria": {
      "cobbled_deepslate": "2024-06-24 01:36:19 +0000"
    },
    "done": false
  },
  "minecraft:recipes/building_blocks/cobbled_deepslate_stairs_from_cobbled_deepslate_stonecutting": {
    "criteria": {
      "has_cobbled_deepslate": "2024-06-24 01:36:19 +0000"
    },
    "done": true
  },
  "minecraft:recipes/building_blocks/deepslate": {
    "criteria": {
      "has_cobbled_deepslate": "2024-06-24 01:36:19 +0000"
    },
    "done": true
  },
  "minecraft:recipes/building_blocks/polished_deepslate_stairs_from_cobbled_deepslate_stonecutting": {
    "criteria": {
      "has_cobbled_deepslate": "2024-06-24 01:36:19 +0000"
    },
    "done": true
  },
  "minecraft:recipes/decorations/deepslate_brick_wall_from_cobbled_deepslate_stonecutting": {
    "criteria": {
      "has_cobbled_deepslate": "2024-06-24 01:36:19 +0000"
    },
    "done": true
  },
  "minecraft:recipes/building_blocks/polished_deepslate_from_cobbled_deepslate_stonecutting": {
    "criteria": {
      "has_cobbled_deepslate": "2024-06-24 01:36:19 +0000"
    },
    "done": true
  },
  "minecraft:recipes/building_blocks/polished_deepslate_slab_from_cobbled_deepslate_stonecutting": {
    "criteria": {
      "has_cobbled_deepslate": "2024-06-24 01:36:19 +0000"
    },
    "done": true
  },
  "minecraft:recipes/building_blocks/deepslate_brick_slab_from_cobbled_deepslate_stonecutting": {
    "criteria": {
      "has_cobbled_deepslate": "2024-06-24 01:36:19 +0000"
    },
    "done": true
  },
  "minecraft:recipes/building_blocks/cobbled_deepslate_slab_from_cobbled_deepslate_stonecutting": {
    "criteria": {
      "has_cobbled_deepslate": "2024-06-24 01:36:19 +0000"
    },
    "done": true
  },
  "minecraft:recipes/building_blocks/deepslate_tile_slab_from_cobbled_deepslate_stonecutting": {
    "criteria": {
      "has_cobbled_deepslate": "2024-06-24 01:36:19 +0000"
    },
    "done": true
  },
  "minecraft:recipes/building_blocks/cobbled_deepslate_stairs": {
    "criteria": {
      "has_cobbled_deepslate": "2024-06-24 01:36:19 +0000"
    },
    "done": true
  },
  "minecraft:recipes/decorations/deepslate_tile_wall_from_cobbled_deepslate_stonecutting": {
    "criteria": {
      "has_cobbled_deepslate": "2024-06-24 01:36:19 +0000"
    },
    "done": true
  },
  "minecraft:recipes/building_blocks/deepslate_bricks_from_cobbled_deepslate_stonecutting": {
    "criteria": {
      "has_cobbled_deepslate": "2024-06-24 01:36:19 +0000"
    },
    "done": true
  },
  "minecraft:recipes/building_blocks/deepslate_tiles_from_cobbled_deepslate_stonecutting": {
    "criteria": {
      "has_cobbled_deepslate": "2024-06-24 01:36:19 +0000"
    },
    "done": true
  },
  "minecraft:recipes/misc/gold_ingot_from_blasting_raw_gold": {
    "criteria": {
      "has_raw_gold": "2024-06-24 01:36:34 +0000"
    },
    "done": true
  },
  "minecraft:recipes/misc/gold_ingot_from_smelting_raw_gold": {
    "criteria": {
      "has_raw_gold": "2024-06-24 01:36:34 +0000"
    },
    "done": true
  },
  "minecraft:recipes/building_blocks/raw_gold_block": {
    "criteria": {
      "has_raw_gold": "2024-06-24 01:36:34 +0000"
    },
    "done": true
  },
  "minecraft:recipes/misc/bone_meal": {
    "criteria": {
      "has_bone": "2024-06-24 01:37:19 +0000"
    },
    "done": true
  },
  "blazeandcave:monsters/spooky_skeleton": {
    "criteria": {
      "skeleton": "2024-06-24 01:37:19 +0000"
    },
    "done": true
  },
  "minecraft:story/obtain_armor": {
    "criteria": {
      "iron_helmet": "2024-06-24 01:39:12 +0000"
    },
    "done": true
  },
  "minecraft:recipes/decorations/blast_furnace": {
    "criteria": {
      "has_smooth_stone": "2024-06-24 01:40:21 +0000"
    },
    "done": true
  },
  "minecraft:recipes/building_blocks/smooth_stone": {
    "criteria": {
      "has_the_recipe": "2024-06-24 01:40:21 +0000"
    },
    "done": true
  },
  "minecraft:recipes/building_blocks/smooth_stone_slab": {
    "criteria": {
      "has_smooth_stone": "2024-06-24 01:40:21 +0000"
    },
    "done": true
  },
  "minecraft:recipes/building_blocks/smooth_stone_slab_from_smooth_stone_stonecutting": {
    "criteria": {
      "has_smooth_stone": "2024-06-24 01:40:21 +0000"
    },
    "done": true
  },
  "blazeandcave:building/smooth_dude": {
    "criteria": {
      "smooth_stone": "2024-06-24 01:40:21 +0000"
    },
    "done": true
  },
  "blazeandcave:building/blast_it": {
    "criteria": {
      "blast_furnace": "2024-06-24 01:40:36 +0000"
    },
    "done": true
  },
  "blazeandcave:monsters/iron_belly": {
    "criteria": {
      "rotten_flesh": "2024-06-24 01:40:47 +0000"
    },
    "done": true
  },
  "blazeandcave:adventure/town_planner": {
    "criteria": {
      "blast_furnace": "2024-06-24 01:40:49 +0000"
    },
    "done": false
  },
  "blazeandcave:monsters/what_a_creep": {
    "criteria": {
      "creeper": "2024-06-24 01:41:06 +0000"
    },
    "done": true
  },
  "blazeandcave:mining/iron_man": {
    "criteria": {
      "iron_armor": "2024-06-24 01:47:01 +0000"
    },
    "done": true
  },
  "minecraft:story/deflect_arrow": {
    "criteria": {
      "deflected_skeleton": "2024-06-25 02:30:47 +0000"
    },
    "done": true
  },
  "minecraft:recipes/decorations/glow_item_frame": {
    "criteria": {
      "has_glow_ink_sac": "2024-06-25 02:34:17 +0000"
    },
    "done": true
  },
  "blazeandcave:adventure/raidin_master": {
    "criteria": {
      "mineshaft": "2024-06-25 02:36:03 +0000"
    },
    "done": false
  },
  "blazeandcave:mining/this_is_mine_now": {
    "criteria": {
      "mineshaft": "2024-06-25 02:36:03 +0000"
    },
    "done": true
  },
  "minecraft:recipes/redstone/dispenser": {
    "criteria": {
      "has_bow": "2024-06-25 02:37:26 +0000"
    },
    "done": true
  },
  "minecraft:recipes/food/cooked_mutton_from_smoking": {
    "criteria": {
      "has_mutton": "2024-06-25 02:46:49 +0000"
    },
    "done": true
  },
  "blazeandcave:biomes/high_feet": {
    "criteria": {
      "meadow": "2024-06-25 02:50:30 +0000"
    },
    "done": false
  },
  "minecraft:recipes/building_blocks/andesite_stairs": {
    "criteria": {
      "has_andesite": "2024-06-25 02:45:26 +0000"
    },
    "done": true
  },
  "blazeandcave:bacap/farming_milestone": {
    "criteria": {
      "full_stomach": "2024-06-25 02:48:31 +0000"
    },
    "done": false
  },
  "minecraft:recipes/decorations/painting": {
    "criteria": {
      "has_wool": "2024-06-25 02:46:55 +0000"
    },
    "done": true
  },
  "minecraft:recipes/decorations/andesite_wall_from_andesite_stonecutting": {
    "criteria": {
      "has_andesite": "2024-06-25 02:45:26 +0000"
    },
    "done": true
  },
  "blazeandcave:animal/wooly": {
    "criteria": {
      "sheep": "2024-06-25 02:46:45 +0000"
    },
    "done": true
  },
  "blazeandcave:farming/full_stomach": {
    "criteria": {
      "ten_withers": "2024-06-25 02:48:30 +0000"
    },
    "done": true
  },
  "minecraft:recipes/building_blocks/polished_andesite_slab_from_andesite_stonecutting": {
    "criteria": {
      "has_andesite": "2024-06-25 02:45:26 +0000"
    },
    "done": true
  },
  "minecraft:recipes/food/cooked_porkchop_from_campfire_cooking": {
    "criteria": {
      "has_porkchop": "2024-06-25 02:47:50 +0000"
    },
    "done": true
  },
  "minecraft:recipes/misc/red_dye_from_poppy": {
    "criteria": {
      "has_poppy": "2024-06-25 02:51:24 +0000"
    },
    "done": true
  },
  "blazeandcave:animal/rainbow_collection": {
    "criteria": {
      "white_wool": "2024-06-25 02:46:55 +0000"
    },
    "done": false
  },
  "minecraft:recipes/decorations/white_carpet": {
    "criteria": {
      "has_white_wool": "2024-06-25 02:46:55 +0000"
    },
    "done": true
  },
  "minecraft:recipes/building_blocks/andesite_slab_from_andesite_stonecutting": {
    "criteria": {
      "has_andesite": "2024-06-25 02:45:26 +0000"
    },
    "done": true
  },
  "minecraft:recipes/building_blocks/andesite_stairs_from_andesite_stonecutting": {
    "criteria": {
      "has_andesite": "2024-06-25 02:45:26 +0000"
    },
    "done": true
  },
  "minecraft:recipes/food/cooked_porkchop": {
    "criteria": {
      "has_porkchop": "2024-06-25 02:47:50 +0000"
    },
    "done": true
  },
  "minecraft:recipes/food/cooked_mutton": {
    "criteria": {
      "has_mutton": "2024-06-25 02:46:49 +0000"
    },
    "done": true
  },
  "minecraft:recipes/decorations/white_banner": {
    "criteria": {
      "has_white_wool": "2024-06-25 02:46:55 +0000"
    },
    "done": true
  },
  "minecraft:recipes/building_blocks/polished_andesite_from_andesite_stonecutting": {
    "criteria": {
      "has_andesite": "2024-06-25 02:45:26 +0000"
    },
    "done": true
  },
  "minecraft:recipes/building_blocks/polished_andesite": {
    "criteria": {
      "has_andesite": "2024-06-25 02:45:26 +0000"
    },
    "done": true
  },
  "minecraft:recipes/food/cooked_mutton_from_campfire_cooking": {
    "criteria": {
      "has_mutton": "2024-06-25 02:46:49 +0000"
    },
    "done": true
  },
  "minecraft:recipes/misc/blue_dye_from_cornflower": {
    "criteria": {
      "has_cornflower": "2024-06-25 02:51:07 +0000"
    },
    "done": true
  },
  "blazeandcave:biomes/wet_feet": {
    "criteria": {
      "river": "2024-06-25 02:50:08 +0000"
    },
    "done": false
  },
  "minecraft:recipes/food/cooked_porkchop_from_smoking": {
    "criteria": {
      "has_porkchop": "2024-06-25 02:47:50 +0000"
    },
    "done": true
  },
  "minecraft:recipes/decorations/andesite_wall": {
    "criteria": {
      "has_andesite": "2024-06-25 02:45:26 +0000"
    },
    "done": true
  },
  "minecraft:recipes/building_blocks/andesite_slab": {
    "criteria": {
      "has_andesite": "2024-06-25 02:45:26 +0000"
    },
    "done": true
  },
  "minecraft:recipes/building_blocks/polished_andesite_stairs_from_andesite_stonecutting": {
    "criteria": {
      "has_andesite": "2024-06-25 02:45:26 +0000"
    },
    "done": true
  },
  "minecraft:recipes/decorations/white_bed": {
    "criteria": {
      "has_white_wool": "2024-06-25 02:46:55 +0000"
    },
    "done": true
  },
  "blazeandcave:animal/bacon": {
    "criteria": {
      "pig": "2024-06-25 02:47:44 +0000"
    },
    "done": true
  },
  "blazeandcave:biomes/flower_power": {
    "criteria": {
      "poppy": "2024-06-25 02:51:24 +0000",
      "cornflower": "2024-06-25 02:51:07 +0000"
    },
    "done": false
  },
  "blazeandcave:biomes/for_you_my_sweet": {
    "criteria": {
      "cornflower": "2024-06-25 02:51:07 +0000"
    },
    "done": true
  },
  "DataVersion": 3953
}