{
  "minecraft:recipes/decorations/crafting_table": {
    "criteria": {
      "unlock_right_away": "2024-06-24 00:44:46 +0000"
    },
    "done": true
  },
  "blazeandcave:biomes/one_with_the_forest": {
    "criteria": {
      "dark_forest": "2024-06-24 00:44:47 +0000"
    },
    "done": false
  },
  "blazeandcave:challenges/explorer_of_worlds": {
    "criteria": {
      "dark_forest": "2024-06-24 00:44:47 +0000"
    },
    "done": false
  },
  "blazeandcave:bacap/root": {
    "criteria": {
      "location": "2024-06-24 00:44:47 +0000"
    },
    "done": true
  },
  "minecraft:adventure/adventuring_time": {
    "criteria": {
      "dark_forest": "2024-06-24 00:44:47 +0000"
    },
    "done": false
  },
  "blazeandcave:bacap/advancement_legend": {
    "criteria": {
      "sneaky_snitch": "2024-06-24 00:46:09 +0000",
      "bacap_root": "2024-06-24 00:44:48 +0000",
      "deals_off": "2024-06-24 00:46:47 +0000"
    },
    "done": false
  },
  "blazeandcave:bacap/statistics_milestone": {
    "criteria": {
      "sneaky_snitch": "2024-06-24 00:46:09 +0000"
    },
    "done": false
  },
  "blazeandcave:statistics/sneaky_snitch": {
    "criteria": {
      "trigger": "2024-06-24 00:46:08 +0000"
    },
    "done": true
  },
  "blazeandcave:challenges/all_the_items": {
    "criteria": {
      "lead": "2024-06-24 00:47:30 +0000"
    },
    "done": false
  },
  "blazeandcave:technical/fail_dragon_vs": {
    "criteria": {
      "ride": "2024-06-24 00:47:01 +0000"
    },
    "done": true
  },
  "blazeandcave:adventure/deals_off": {
    "criteria": {
      "llama_hurt_player": "2024-06-24 00:46:47 +0000"
    },
    "done": true
  },
  "blazeandcave:bacap/adventure_milestone": {
    "criteria": {
      "deals_off": "2024-06-24 00:46:47 +0000"
    },
    "done": false
  },
  "blazeandcave:potion/a_much_more_doable_challenge": {
    "criteria": {
      "regeneration": "2024-06-24 00:48:47 +0000"
    },
    "done": false
  },
  "DataVersion": 3953
}