{
  "minecraft:recipes/decorations/crafting_table": {
    "criteria": {
      "unlock_right_away": "2024-06-24 00:34:19 +0000"
    },
    "done": true
  },
  "blazeandcave:challenges/explorer_of_worlds": {
    "criteria": {
      "forest": "2024-06-24 19:36:28 +0000",
      "stony_shore": "2024-06-24 20:15:56 +0000",
      "dripstone_caves": "2024-06-24 01:12:09 +0000",
      "birch_forest": "2024-06-24 19:33:57 +0000",
      "lush_caves": "2024-06-24 01:12:10 +0000",
      "old_growth_birch_forest": "2024-06-24 01:11:58 +0000",
      "ocean": "2024-06-24 20:16:02 +0000",
      "dark_forest": "2024-06-24 00:34:19 +0000",
      "plains": "2024-06-24 19:36:48 +0000",
      "beach": "2024-06-24 19:38:35 +0000",
      "jungle": "2024-06-24 20:14:31 +0000",
      "river": "2024-06-24 19:36:02 +0000",
      "meadow": "2024-06-24 19:41:11 +0000"
    },
    "done": false
  },
  "blazeandcave:bacap/root": {
    "criteria": {
      "location": "2024-06-24 00:34:19 +0000"
    },
    "done": true
  },
  "minecraft:adventure/adventuring_time": {
    "criteria": {
      "forest": "2024-06-24 19:36:28 +0000",
      "ocean": "2024-06-24 20:16:02 +0000",
      "dark_forest": "2024-06-24 00:34:19 +0000",
      "plains": "2024-06-24 19:36:48 +0000",
      "beach": "2024-06-24 19:38:35 +0000",
      "birch_forest": "2024-06-24 01:11:58 +0000",
      "jungle": "2024-06-24 20:14:31 +0000",
      "river": "2024-06-24 19:36:02 +0000",
      "meadow": "2024-06-24 19:41:11 +0000"
    },
    "done": false
  },
  "blazeandcave:bacap/advancement_legend": {
    "criteria": {
      "diamonds": "2024-06-24 01:32:14 +0000",
      "a_shiny_treat": "2024-06-24 19:23:50 +0000",
      "benchmarking": "2024-06-24 00:36:12 +0000",
      "living_like_kings": "2024-06-24 20:07:37 +0000",
      "bacap_root": "2024-06-24 00:34:20 +0000",
      "do_you_want_to_trade": "2024-06-24 19:39:36 +0000",
      "deep_slate_nine": "2024-06-24 01:28:53 +0000",
      "the_mighty_jungle": "2024-06-24 20:14:32 +0000",
      "meet_the_flintstones": "2024-06-24 01:23:49 +0000",
      "full_stomach": "2024-06-24 01:03:13 +0000",
      "mining_root": "2024-06-24 01:07:45 +0000",
      "time_to_dig": "2024-06-24 19:44:33 +0000",
      "farming_root": "2024-06-24 19:51:25 +0000",
      "good_for_your_bones": "2024-06-24 01:24:21 +0000",
      "which_came_first": "2024-06-24 19:46:37 +0000",
      "weaponry_root": "2024-06-24 01:21:46 +0000",
      "suit_up": "2024-06-24 19:41:01 +0000",
      "tarzan": "2024-06-24 20:14:27 +0000",
      "under_pressure": "2024-06-24 19:41:03 +0000",
      "time_to_chop": "2024-06-24 01:09:00 +0000",
      "not_today_thank_you": "2024-06-24 19:28:30 +0000",
      "viking": "2024-06-24 19:38:34 +0000",
      "iggy": "2024-06-24 01:34:14 +0000",
      "wooly": "2024-06-24 19:37:41 +0000",
      "bake_bread": "2024-06-24 19:49:34 +0000",
      "monsters_root": "2024-06-24 01:21:46 +0000",
      "torched": "2024-06-24 19:25:02 +0000",
      "deals_off": "2024-06-24 00:45:48 +0000",
      "ew_ew_ew": "2024-06-24 19:23:45 +0000",
      "adventure_root": "2024-06-24 00:37:01 +0000",
      "stone_age": "2024-06-24 01:07:57 +0000",
      "getting_wood": "2024-06-24 00:35:50 +0000",
      "isnt_it_iron_pick": "2024-06-24 01:23:47 +0000",
      "just_keep_swimming": "2024-06-24 01:28:50 +0000",
      "gold_rush": "2024-06-24 20:07:37 +0000",
      "spring_in_your_step": "2024-06-24 19:35:06 +0000",
      "stay_calmer": "2024-06-24 00:46:13 +0000",
      "getting_an_upgrade": "2024-06-24 01:08:20 +0000",
      "now_youre_thinking_with_portals": "2024-06-24 20:07:25 +0000",
      "time_to_farm": "2024-06-24 19:51:25 +0000",
      "the_cutest_predator": "2024-06-24 19:22:54 +0000",
      "time_to_strike": "2024-06-24 01:21:46 +0000",
      "dead_dont_die": "2024-06-24 01:24:22 +0000",
      "acquire_hardware": "2024-06-24 01:15:22 +0000",
      "luxury_cruise": "2024-06-24 20:10:04 +0000",
      "fossil_fuel": "2024-06-24 01:24:52 +0000",
      "the_first_night": "2024-06-24 00:41:41 +0000",
      "sir_knight": "2024-06-24 01:16:59 +0000",
      "cow_tipper": "2024-06-24 00:49:15 +0000",
      "building_root": "2024-06-24 00:36:12 +0000",
      "sweet_dreams": "2024-06-24 19:39:51 +0000",
      "heart_of_darkness": "2024-06-24 00:38:03 +0000",
      "ladder_climbers_inc": "2024-06-24 19:51:09 +0000",
      "a_seedy_place": "2024-06-24 20:03:28 +0000",
      "the_sea_calls_you": "2024-06-24 20:16:03 +0000",
      "oh_look_it_dings": "2024-06-24 20:02:56 +0000",
      "diam_oh_wait_no": "2024-06-24 01:14:11 +0000",
      "animal_root": "2024-06-24 01:02:07 +0000",
      "for_you_my_sweet": "2024-06-24 00:35:47 +0000",
      "high_steaks": "2024-06-24 01:02:07 +0000",
      "boaty_mcboatface": "2024-06-24 00:45:01 +0000",
      "shield_luck": "2024-06-24 19:28:30 +0000",
      "monster_hunter": "2024-06-24 01:24:22 +0000",
      "statistics_root": "2024-06-24 00:41:42 +0000",
      "time_to_mine": "2024-06-24 01:07:45 +0000",
      "sneaky_snitch": "2024-06-24 19:26:42 +0000",
      "biomes_root": "2024-06-24 00:37:01 +0000",
      "ooh_baby": "2024-06-24 01:24:22 +0000"
    },
    "done": false
  },
  "blazeandcave:biomes/one_with_the_forest": {
    "criteria": {
      "old_growth_birch_forest": "2024-06-24 01:11:58 +0000",
      "forest": "2024-06-24 19:36:28 +0000",
      "dark_forest": "2024-06-24 00:34:20 +0000",
      "plains": "2024-06-24 19:36:48 +0000",
      "birch_forest": "2024-06-24 19:33:57 +0000"
    },
    "done": false
  },
  "blazeandcave:challenges/all_the_blocks": {
    "criteria": {
      "dark_oak_log": "2024-06-24 00:35:49 +0000",
      "moss_carpet": "2024-06-24 01:34:13 +0000",
      "white_wool": "2024-06-24 19:37:40 +0000",
      "poppy": "2024-06-24 00:35:46 +0000",
      "crafting_table": "2024-06-24 00:36:12 +0000",
      "dark_oak_planks": "2024-06-24 00:36:09 +0000",
      "dirt": "2024-06-24 01:24:51 +0000",
      "calcite": "2024-06-24 01:24:20 +0000",
      "torch": "2024-06-24 01:23:49 +0000",
      "hay_block": "2024-06-24 19:50:51 +0000",
      "white_bed": "2024-06-24 19:38:50 +0000",
      "gravel": "2024-06-24 01:23:49 +0000",
      "smooth_basalt": "2024-06-24 01:24:32 +0000",
      "flowering_azalea": "2024-06-24 01:34:13 +0000",
      "oak_log": "2024-06-24 19:45:24 +0000",
      "cobblestone": "2024-06-24 01:07:57 +0000",
      "dripstone_block": "2024-06-24 01:27:53 +0000",
      "cobbled_deepslate": "2024-06-24 19:25:28 +0000",
      "peony": "2024-06-24 00:35:46 +0000",
      "amethyst_block": "2024-06-24 01:23:47 +0000"
    },
    "done": false
  },
  "minecraft:recipes/misc/red_dye_from_poppy": {
    "criteria": {
      "has_poppy": "2024-06-24 00:35:46 +0000"
    },
    "done": true
  },
  "minecraft:recipes/misc/pink_dye_from_peony": {
    "criteria": {
      "has_peony": "2024-06-24 00:35:46 +0000"
    },
    "done": true
  },
  "blazeandcave:biomes/flower_power": {
    "criteria": {
      "poppy": "2024-06-24 00:35:46 +0000",
      "peony": "2024-06-24 00:35:46 +0000"
    },
    "done": false
  },
  "blazeandcave:biomes/for_you_my_sweet": {
    "criteria": {
      "peony": "2024-06-24 00:35:46 +0000"
    },
    "done": true
  },
  "blazeandcave:bacap/biomes_milestone": {
    "criteria": {
      "just_keep_swimming": "2024-06-24 01:28:50 +0000",
      "for_you_my_sweet": "2024-06-24 00:35:47 +0000",
      "root": "2024-06-24 00:37:01 +0000",
      "boaty_mcboatface": "2024-06-24 00:45:01 +0000",
      "the_mighty_jungle": "2024-06-24 20:14:32 +0000",
      "tarzan": "2024-06-24 20:14:27 +0000",
      "the_sea_calls_you": "2024-06-24 20:16:03 +0000"
    },
    "done": false
  },
  "minecraft:recipes/building_blocks/dark_oak_planks": {
    "criteria": {
      "has_log": "2024-06-24 00:35:49 +0000"
    },
    "done": true
  },
  "blazeandcave:building/yay_i_got_my_wood": {
    "criteria": {
      "dark_oak_log": "2024-06-24 00:35:49 +0000",
      "oak_log": "2024-06-24 19:45:24 +0000"
    },
    "done": false
  },
  "minecraft:recipes/misc/charcoal": {
    "criteria": {
      "has_log": "2024-06-24 00:35:49 +0000"
    },
    "done": true
  },
  "minecraft:recipes/building_blocks/dark_oak_wood": {
    "criteria": {
      "has_log": "2024-06-24 00:35:49 +0000"
    },
    "done": true
  },
  "blazeandcave:bacap/getting_wood": {
    "criteria": {
      "dark_oak_log": "2024-06-24 00:35:49 +0000"
    },
    "done": true
  },
  "blazeandcave:building/professor_dark_oak": {
    "criteria": {
      "dark_oak_log": "2024-06-24 00:35:49 +0000",
      "dark_oak_boat": "2024-06-24 00:44:24 +0000",
      "dark_oak_planks": "2024-06-24 00:36:09 +0000"
    },
    "done": false
  },
  "minecraft:recipes/redstone/dark_oak_fence_gate": {
    "criteria": {
      "has_planks": "2024-06-24 00:36:09 +0000"
    },
    "done": true
  },
  "minecraft:recipes/redstone/dark_oak_trapdoor": {
    "criteria": {
      "has_planks": "2024-06-24 00:36:09 +0000"
    },
    "done": true
  },
  "minecraft:recipes/redstone/dark_oak_button": {
    "criteria": {
      "has_planks": "2024-06-24 00:36:09 +0000"
    },
    "done": true
  },
  "minecraft:recipes/misc/stick": {
    "criteria": {
      "has_planks": "2024-06-24 00:36:09 +0000"
    },
    "done": true
  },
  "minecraft:recipes/building_blocks/dark_oak_stairs": {
    "criteria": {
      "has_planks": "2024-06-24 00:36:09 +0000"
    },
    "done": true
  },
  "minecraft:recipes/redstone/dark_oak_pressure_plate": {
    "criteria": {
      "has_planks": "2024-06-24 00:36:09 +0000"
    },
    "done": true
  },
  "minecraft:recipes/decorations/dark_oak_fence": {
    "criteria": {
      "has_planks": "2024-06-24 00:36:09 +0000"
    },
    "done": true
  },
  "minecraft:recipes/building_blocks/dark_oak_slab": {
    "criteria": {
      "has_planks": "2024-06-24 00:36:09 +0000"
    },
    "done": true
  },
  "minecraft:recipes/redstone/dark_oak_door": {
    "criteria": {
      "has_planks": "2024-06-24 00:36:09 +0000"
    },
    "done": true
  },
  "minecraft:recipes/decorations/barrel": {
    "criteria": {
      "has_planks": "2024-06-24 00:36:09 +0000"
    },
    "done": true
  },
  "minecraft:recipes/decorations/dark_oak_sign": {
    "criteria": {
      "has_planks": "2024-06-24 00:36:09 +0000"
    },
    "done": true
  },
  "minecraft:recipes/decorations/ladder": {
    "criteria": {
      "has_stick": "2024-06-24 00:36:12 +0000"
    },
    "done": true
  },
  "blazeandcave:technical/bacap_branch_end": {
    "criteria": {
      "crafting_table": "2024-06-24 00:36:12 +0000"
    },
    "done": true
  },
  "minecraft:recipes/tools/wooden_axe": {
    "criteria": {
      "has_stick": "2024-06-24 00:36:12 +0000"
    },
    "done": true
  },
  "blazeandcave:building/root": {
    "criteria": {
      "crafting_table": "2024-06-24 00:36:12 +0000"
    },
    "done": true
  },
  "minecraft:recipes/decorations/campfire": {
    "criteria": {
      "has_stick": "2024-06-24 00:36:12 +0000"
    },
    "done": true
  },
  "minecraft:recipes/tools/wooden_hoe": {
    "criteria": {
      "has_stick": "2024-06-24 00:36:12 +0000"
    },
    "done": true
  },
  "minecraft:recipes/tools/wooden_pickaxe": {
    "criteria": {
      "has_stick": "2024-06-24 00:36:12 +0000"
    },
    "done": true
  },
  "blazeandcave:challenges/all_the_items": {
    "criteria": {
      "water_bucket": "2024-06-24 01:24:20 +0000",
      "raw_iron": "2024-06-24 01:11:37 +0000",
      "shield": "2024-06-24 01:16:58 +0000",
      "iron_hoe": "2024-06-24 19:51:25 +0000",
      "egg": "2024-06-24 19:46:37 +0000",
      "dark_oak_boat": "2024-06-24 00:44:24 +0000",
      "string": "2024-06-24 19:23:45 +0000",
      "iron_chestplate": "2024-06-24 19:40:59 +0000",
      "cooked_beef": "2024-06-24 01:01:33 +0000",
      "music_disc_13": "2024-06-24 19:53:34 +0000",
      "beef": "2024-06-24 01:23:48 +0000",
      "stone_sword": "2024-06-24 01:21:46 +0000",
      "axolotl_bucket": "2024-06-24 19:22:53 +0000",
      "iron_ingot": "2024-06-24 01:15:21 +0000",
      "gold_ingot": "2024-06-24 20:07:36 +0000",
      "golden_boots": "2024-06-24 20:07:29 +0000",
      "lapis_lazuli": "2024-06-24 01:14:10 +0000",
      "ender_pearl": "2024-06-24 01:24:50 +0000",
      "iron_pickaxe": "2024-06-24 01:23:47 +0000",
      "stick": "2024-06-24 00:36:12 +0000",
      "wheat": "2024-06-24 20:23:02 +0000",
      "stone_pickaxe": "2024-06-24 01:08:20 +0000",
      "wheat_seeds": "2024-06-24 00:48:57 +0000",
      "mutton": "2024-06-24 19:37:40 +0000",
      "bread": "2024-06-24 19:49:33 +0000",
      "rotten_flesh": "2024-06-24 01:23:48 +0000",
      "wooden_pickaxe": "2024-06-24 01:07:45 +0000",
      "glow_berries": "2024-06-24 01:31:45 +0000",
      "gunpowder": "2024-06-24 01:23:49 +0000",
      "iron_leggings": "2024-06-24 19:41:00 +0000",
      "leather": "2024-06-24 00:49:15 +0000",
      "lead": "2024-06-24 01:24:51 +0000",
      "bucket": "2024-06-24 01:17:08 +0000",
      "iron_shovel": "2024-06-24 19:44:33 +0000",
      "beetroot_seeds": "2024-06-24 20:03:15 +0000",
      "diamond": "2024-06-24 01:32:14 +0000",
      "golden_hoe": "2024-06-24 20:07:33 +0000",
      "flint": "2024-06-24 01:23:48 +0000",
      "coal": "2024-06-24 01:24:52 +0000",
      "nautilus_shell": "2024-06-24 20:10:03 +0000",
      "stone_axe": "2024-06-24 01:09:00 +0000",
      "emerald": "2024-06-24 19:54:35 +0000",
      "music_disc_cat": "2024-06-24 19:53:33 +0000",
      "carrot": "2024-06-24 20:03:25 +0000"
    },
    "done": false
  },
  "blazeandcave:bacap/building_milestone": {
    "criteria": {
      "sweet_dreams": "2024-06-24 19:39:51 +0000",
      "root": "2024-06-24 00:36:12 +0000",
      "ladder_climbers_inc": "2024-06-24 19:51:09 +0000",
      "torched": "2024-06-24 19:25:02 +0000"
    },
    "done": false
  },
  "minecraft:recipes/tools/wooden_shovel": {
    "criteria": {
      "has_stick": "2024-06-24 00:36:12 +0000"
    },
    "done": true
  },
  "minecraft:recipes/combat/wooden_sword": {
    "criteria": {
      "has_stick": "2024-06-24 00:36:12 +0000"
    },
    "done": true
  },
  "minecraft:story/root": {
    "criteria": {
      "crafting_table": "2024-06-24 00:36:12 +0000"
    },
    "done": true
  },
  "blazeandcave:biomes/root": {
    "criteria": {
      "killed_by_something": "2024-06-24 00:37:00 +0000"
    },
    "done": true
  },
  "minecraft:adventure/root": {
    "criteria": {
      "killed_by_something": "2024-06-24 00:37:00 +0000"
    },
    "done": true
  },
  "blazeandcave:challenges/death_from_all": {
    "criteria": {
      "skeleton": "2024-06-24 00:38:30 +0000",
      "zombie": "2024-06-24 00:37:00 +0000"
    },
    "done": false
  },
  "blazeandcave:bacap/adventure_milestone": {
    "criteria": {
      "oh_look_it_dings": "2024-06-24 20:02:56 +0000",
      "root": "2024-06-24 00:37:01 +0000",
      "do_you_want_to_trade": "2024-06-24 19:39:36 +0000",
      "deals_off": "2024-06-24 00:45:48 +0000",
      "now_youre_thinking_with_portals": "2024-06-24 20:07:25 +0000"
    },
    "done": false
  },
  "blazeandcave:mining/heart_of_darkness": {
    "criteria": {
      "enter_cave": "2024-06-24 00:38:02 +0000"
    },
    "done": true
  },
  "blazeandcave:bacap/mining_milestone": {
    "criteria": {
      "a_shiny_treat": "2024-06-24 19:23:50 +0000",
      "diam_oh_wait_no": "2024-06-24 01:14:11 +0000",
      "diamonds": "2024-06-24 01:32:14 +0000",
      "iggy": "2024-06-24 01:34:14 +0000",
      "acquire_hardware": "2024-06-24 01:15:22 +0000",
      "living_like_kings": "2024-06-24 20:07:37 +0000",
      "fossil_fuel": "2024-06-24 01:24:52 +0000",
      "deep_slate_nine": "2024-06-24 01:28:53 +0000",
      "stone_age": "2024-06-24 01:07:57 +0000",
      "meet_the_flintstones": "2024-06-24 01:23:49 +0000",
      "isnt_it_iron_pick": "2024-06-24 01:23:47 +0000",
      "gold_rush": "2024-06-24 20:07:37 +0000",
      "good_for_your_bones": "2024-06-24 01:24:21 +0000",
      "root": "2024-06-24 01:07:45 +0000",
      "heart_of_darkness": "2024-06-24 00:38:03 +0000",
      "suit_up": "2024-06-24 19:41:01 +0000",
      "getting_an_upgrade": "2024-06-24 01:08:20 +0000"
    },
    "done": false
  },
  "blazeandcave:bacap/statistics_milestone": {
    "criteria": {
      "sneaky_snitch": "2024-06-24 19:26:42 +0000",
      "luxury_cruise": "2024-06-24 20:10:04 +0000",
      "root": "2024-06-24 00:41:42 +0000",
      "spring_in_your_step": "2024-06-24 19:35:06 +0000",
      "the_first_night": "2024-06-24 00:41:41 +0000"
    },
    "done": false
  },
  "blazeandcave:statistics/the_first_night": {
    "criteria": {
      "trigger": "2024-06-24 00:41:41 +0000"
    },
    "done": true
  },
  "blazeandcave:statistics/root": {
    "criteria": {
      "the_first_night": "2024-06-24 00:41:41 +0000"
    },
    "done": true
  },
  "blazeandcave:technical/stat_branch2_mid": {
    "criteria": {
      "root": "2024-06-24 00:41:42 +0000"
    },
    "done": true
  },
  "blazeandcave:technical/stat_branch4_mid": {
    "criteria": {
      "root": "2024-06-24 00:41:42 +0000"
    },
    "done": true
  },
  "blazeandcave:technical/stat_branch6_mid": {
    "criteria": {
      "root": "2024-06-24 00:41:42 +0000"
    },
    "done": true
  },
  "blazeandcave:technical/stat_branch8_mid": {
    "criteria": {
      "root": "2024-06-24 00:41:42 +0000"
    },
    "done": true
  },
  "blazeandcave:technical/stat_branch1_mid": {
    "criteria": {
      "root": "2024-06-24 00:41:42 +0000"
    },
    "done": true
  },
  "blazeandcave:technical/stat_branch3_mid": {
    "criteria": {
      "root": "2024-06-24 00:41:42 +0000"
    },
    "done": true
  },
  "blazeandcave:technical/stat_branch5_mid": {
    "criteria": {
      "root": "2024-06-24 00:41:42 +0000"
    },
    "done": true
  },
  "blazeandcave:technical/stat_branch7_mid": {
    "criteria": {
      "root": "2024-06-24 00:41:42 +0000"
    },
    "done": true
  },
  "blazeandcave:technical/stat_branch9_mid": {
    "criteria": {
      "root": "2024-06-24 00:41:42 +0000"
    },
    "done": true
  },
  "minecraft:recipes/transportation/dark_oak_boat": {
    "criteria": {
      "has_the_recipe": "2024-06-24 00:44:23 +0000"
    },
    "done": true
  },
  "blazeandcave:challenges/stack_all_the_items": {
    "criteria": {
      "water_bucket": "2024-06-24 01:24:20 +0000",
      "shield": "2024-06-24 01:16:58 +0000",
      "iron_hoe": "2024-06-24 19:51:25 +0000",
      "dark_oak_boat": "2024-06-24 00:44:24 +0000",
      "wooden_pickaxe": "2024-06-24 01:07:45 +0000",
      "iron_chestplate": "2024-06-24 19:40:59 +0000",
      "music_disc_13": "2024-06-24 19:53:34 +0000",
      "iron_leggings": "2024-06-24 19:41:00 +0000",
      "stone_sword": "2024-06-24 01:21:46 +0000",
      "axolotl_bucket": "2024-06-24 19:22:53 +0000",
      "iron_shovel": "2024-06-24 19:44:33 +0000",
      "golden_hoe": "2024-06-24 20:07:33 +0000",
      "golden_boots": "2024-06-24 20:07:29 +0000",
      "iron_pickaxe": "2024-06-24 01:23:47 +0000",
      "stone_pickaxe": "2024-06-24 01:08:20 +0000",
      "stone_axe": "2024-06-24 01:09:00 +0000",
      "music_disc_cat": "2024-06-24 19:53:33 +0000"
    },
    "done": false
  },
  "minecraft:recipes/transportation/spruce_chest_boat": {
    "criteria": {
      "has_boat": "2024-06-24 00:44:24 +0000"
    },
    "done": true
  },
  "minecraft:recipes/transportation/jungle_chest_boat": {
    "criteria": {
      "has_boat": "2024-06-24 00:44:24 +0000"
    },
    "done": true
  },
  "minecraft:recipes/transportation/acacia_chest_boat": {
    "criteria": {
      "has_boat": "2024-06-24 00:44:24 +0000"
    },
    "done": true
  },
  "minecraft:recipes/transportation/mangrove_chest_boat": {
    "criteria": {
      "has_boat": "2024-06-24 00:44:24 +0000"
    },
    "done": true
  },
  "minecraft:recipes/transportation/oak_chest_boat": {
    "criteria": {
      "has_boat": "2024-06-24 00:44:24 +0000"
    },
    "done": true
  },
  "minecraft:recipes/transportation/cherry_chest_boat": {
    "criteria": {
      "has_boat": "2024-06-24 00:44:24 +0000"
    },
    "done": true
  },
  "minecraft:recipes/transportation/birch_chest_boat": {
    "criteria": {
      "has_boat": "2024-06-24 00:44:24 +0000"
    },
    "done": true
  },
  "minecraft:recipes/transportation/dark_oak_chest_boat": {
    "criteria": {
      "has_boat": "2024-06-24 00:44:24 +0000"
    },
    "done": true
  },
  "minecraft:recipes/transportation/bamboo_chest_raft": {
    "criteria": {
      "has_boat": "2024-06-24 00:44:24 +0000"
    },
    "done": true
  },
  "blazeandcave:biomes/boaty_mcboatface": {
    "criteria": {
      "boat": "2024-06-24 00:45:01 +0000"
    },
    "done": true
  },
  "blazeandcave:technical/fail_dragon_vs": {
    "criteria": {
      "ride": "2024-06-24 00:45:01 +0000"
    },
    "done": true
  },
  "blazeandcave:adventure/deals_off": {
    "criteria": {
      "llama_hurt_player": "2024-06-24 00:45:48 +0000"
    },
    "done": true
  },
  "blazeandcave:animal/llama_llama_duck_king": {
    "criteria": {
      "gray": "2024-06-24 00:46:12 +0000"
    },
    "done": false
  },
  "blazeandcave:animal/stay_calmer": {
    "criteria": {
      "tamed_animal": "2024-06-24 00:46:12 +0000"
    },
    "done": true
  },
  "blazeandcave:bacap/animal_milestone": {
    "criteria": {
      "the_cutest_predator": "2024-06-24 19:22:54 +0000",
      "wooly": "2024-06-24 19:37:41 +0000",
      "root": "2024-06-24 01:02:07 +0000",
      "high_steaks": "2024-06-24 01:02:07 +0000",
      "which_came_first": "2024-06-24 19:46:37 +0000",
      "stay_calmer": "2024-06-24 00:46:13 +0000",
      "cow_tipper": "2024-06-24 00:49:15 +0000"
    },
    "done": false
  },
  "blazeandcave:potion/a_much_more_doable_challenge": {
    "criteria": {
      "regeneration": "2024-06-24 00:48:47 +0000"
    },
    "done": false
  },
  "minecraft:recipes/combat/leather_helmet": {
    "criteria": {
      "has_leather": "2024-06-24 00:49:15 +0000"
    },
    "done": true
  },
  "minecraft:recipes/combat/leather_leggings": {
    "criteria": {
      "has_leather": "2024-06-24 00:49:15 +0000"
    },
    "done": true
  },
  "blazeandcave:animal/cow_tipper": {
    "criteria": {
      "leather": "2024-06-24 00:49:15 +0000"
    },
    "done": true
  },
  "minecraft:recipes/combat/leather_chestplate": {
    "criteria": {
      "has_leather": "2024-06-24 00:49:15 +0000"
    },
    "done": true
  },
  "minecraft:recipes/misc/leather_horse_armor": {
    "criteria": {
      "has_leather": "2024-06-24 00:49:15 +0000"
    },
    "done": true
  },
  "minecraft:recipes/decorations/item_frame": {
    "criteria": {
      "has_leather": "2024-06-24 00:49:15 +0000"
    },
    "done": true
  },
  "minecraft:recipes/combat/leather_boots": {
    "criteria": {
      "has_leather": "2024-06-24 00:49:15 +0000"
    },
    "done": true
  },
  "blazeandcave:animal/high_steaks": {
    "criteria": {
      "cooked_beef": "2024-06-24 01:02:07 +0000"
    },
    "done": true
  },
  "minecraft:husbandry/root": {
    "criteria": {
      "consumed_item": "2024-06-24 01:02:07 +0000"
    },
    "done": true
  },
  "blazeandcave:farming/meat_lovers": {
    "criteria": {
      "cooked_beef": "2024-06-24 01:02:07 +0000"
    },
    "done": false
  },
  "minecraft:husbandry/balanced_diet": {
    "criteria": {
      "bread": "2024-06-24 19:55:15 +0000",
      "glow_berries": "2024-06-24 19:23:49 +0000",
      "cooked_beef": "2024-06-24 01:02:07 +0000"
    },
    "done": false
  },
  "blazeandcave:bacap/farming_milestone": {
    "criteria": {
      "full_stomach": "2024-06-24 01:03:13 +0000",
      "bake_bread": "2024-06-24 19:49:34 +0000",
      "root": "2024-06-24 19:51:25 +0000",
      "a_seedy_place": "2024-06-24 20:03:28 +0000"
    },
    "done": false
  },
  "blazeandcave:farming/full_stomach": {
    "criteria": {
      "ten_withers": "2024-06-24 01:03:13 +0000"
    },
    "done": true
  },
  "blazeandcave:bacap/time_to_mine": {
    "criteria": {
      "wooden_pickaxe": "2024-06-24 01:07:45 +0000"
    },
    "done": true
  },
  "blazeandcave:mining/root": {
    "criteria": {
      "pickaxe": "2024-06-24 01:07:45 +0000"
    },
    "done": true
  },
  "minecraft:recipes/redstone/lever": {
    "criteria": {
      "has_cobblestone": "2024-06-24 01:07:57 +0000"
    },
    "done": true
  },
  "minecraft:recipes/combat/stone_sword": {
    "criteria": {
      "has_cobblestone": "2024-06-24 01:07:57 +0000"
    },
    "done": true
  },
  "minecraft:recipes/decorations/cobblestone_wall": {
    "criteria": {
      "has_cobblestone": "2024-06-24 01:07:57 +0000"
    },
    "done": true
  },
  "minecraft:recipes/tools/stone_axe": {
    "criteria": {
      "has_cobblestone": "2024-06-24 01:07:57 +0000"
    },
    "done": true
  },
  "minecraft:story/mine_stone": {
    "criteria": {
      "cobblestone": "2024-06-24 01:07:57 +0000"
    },
    "done": true
  },
  "minecraft:recipes/decorations/furnace": {
    "criteria": {
      "has_cobblestone": "2024-06-24 01:07:57 +0000"
    },
    "done": true
  },
  "minecraft:recipes/building_blocks/cobblestone_slab_from_cobblestone_stonecutting": {
    "criteria": {
      "has_cobblestone": "2024-06-24 01:07:57 +0000"
    },
    "done": true
  },
  "minecraft:recipes/building_blocks/stone": {
    "criteria": {
      "has_cobblestone": "2024-06-24 01:07:57 +0000"
    },
    "done": true
  },
  "blazeandcave:building/rock_collection": {
    "criteria": {
      "smooth_basalt": "2024-06-24 01:24:32 +0000",
      "cobblestone": "2024-06-24 01:07:57 +0000",
      "dripstone_block": "2024-06-24 01:27:53 +0000",
      "calcite": "2024-06-24 01:24:20 +0000",
      "cobbled_deepslate": "2024-06-24 19:25:28 +0000"
    },
    "done": false
  },
  "minecraft:recipes/tools/stone_pickaxe": {
    "criteria": {
      "has_cobblestone": "2024-06-24 01:07:57 +0000"
    },
    "done": true
  },
  "minecraft:recipes/building_blocks/cobblestone_slab": {
    "criteria": {
      "has_cobblestone": "2024-06-24 01:07:57 +0000"
    },
    "done": true
  },
  "minecraft:recipes/decorations/cobblestone_wall_from_cobblestone_stonecutting": {
    "criteria": {
      "has_cobblestone": "2024-06-24 01:07:57 +0000"
    },
    "done": true
  },
  "minecraft:recipes/building_blocks/cobblestone_stairs_from_cobblestone_stonecutting": {
    "criteria": {
      "has_cobblestone": "2024-06-24 01:07:57 +0000"
    },
    "done": true
  },
  "minecraft:recipes/building_blocks/cobblestone_stairs": {
    "criteria": {
      "has_cobblestone": "2024-06-24 01:07:57 +0000"
    },
    "done": true
  },
  "minecraft:recipes/tools/stone_hoe": {
    "criteria": {
      "has_cobblestone": "2024-06-24 01:07:57 +0000"
    },
    "done": true
  },
  "minecraft:recipes/tools/stone_shovel": {
    "criteria": {
      "has_cobblestone": "2024-06-24 01:07:57 +0000"
    },
    "done": true
  },
  "minecraft:recipes/decorations/torch": {
    "criteria": {
      "has_stone_pickaxe": "2024-06-24 01:08:20 +0000"
    },
    "done": true
  },
  "minecraft:story/upgrade_tools": {
    "criteria": {
      "stone_pickaxe": "2024-06-24 01:08:20 +0000"
    },
    "done": true
  },
  "blazeandcave:mining/moar_tools": {
    "criteria": {
      "stone_pickaxe": "2024-06-24 01:08:20 +0000",
      "stone_axe": "2024-06-24 01:09:00 +0000"
    },
    "done": false
  },
  "blazeandcave:bacap/time_to_chop": {
    "criteria": {
      "stone_axe": "2024-06-24 01:09:00 +0000"
    },
    "done": true
  },
  "minecraft:recipes/building_blocks/raw_iron_block": {
    "criteria": {
      "has_raw_iron": "2024-06-24 01:11:37 +0000"
    },
    "done": true
  },
  "minecraft:recipes/misc/iron_ingot_from_smelting_raw_iron": {
    "criteria": {
      "has_raw_iron": "2024-06-24 01:11:37 +0000"
    },
    "done": true
  },
  "minecraft:recipes/misc/iron_ingot_from_blasting_raw_iron": {
    "criteria": {
      "has_raw_iron": "2024-06-24 01:11:37 +0000"
    },
    "done": true
  },
  "blazeandcave:mining/spelunker": {
    "criteria": {
      "dripstone_caves": "2024-06-24 01:12:09 +0000",
      "lush_caves": "2024-06-24 01:12:10 +0000"
    },
    "done": false
  },
  "minecraft:recipes/misc/blue_dye": {
    "criteria": {
      "has_lapis_lazuli": "2024-06-24 01:14:10 +0000"
    },
    "done": true
  },
  "minecraft:recipes/building_blocks/lapis_block": {
    "criteria": {
      "has_lapis_lazuli": "2024-06-24 01:14:10 +0000"
    },
    "done": true
  },
  "blazeandcave:mining/diam_oh_wait_no": {
    "criteria": {
      "coal": "2024-06-24 01:14:10 +0000"
    },
    "done": true
  },
  "minecraft:recipes/combat/iron_leggings": {
    "criteria": {
      "has_iron_ingot": "2024-06-24 01:15:21 +0000"
    },
    "done": true
  },
  "minecraft:recipes/combat/iron_chestplate": {
    "criteria": {
      "has_iron_ingot": "2024-06-24 01:15:21 +0000"
    },
    "done": true
  },
  "minecraft:recipes/misc/iron_nugget": {
    "criteria": {
      "has_iron_ingot": "2024-06-24 01:15:21 +0000"
    },
    "done": true
  },
  "minecraft:recipes/misc/bucket": {
    "criteria": {
      "has_iron_ingot": "2024-06-24 01:15:21 +0000"
    },
    "done": true
  },
  "minecraft:recipes/combat/iron_helmet": {
    "criteria": {
      "has_iron_ingot": "2024-06-24 01:15:21 +0000"
    },
    "done": true
  },
  "minecraft:recipes/transportation/minecart": {
    "criteria": {
      "has_iron_ingot": "2024-06-24 01:15:21 +0000"
    },
    "done": true
  },
  "minecraft:recipes/tools/iron_hoe": {
    "criteria": {
      "has_iron_ingot": "2024-06-24 01:15:21 +0000"
    },
    "done": true
  },
  "minecraft:story/smelt_iron": {
    "criteria": {
      "iron": "2024-06-24 01:15:21 +0000"
    },
    "done": true
  },
  "minecraft:recipes/tools/shears": {
    "criteria": {
      "has_iron_ingot": "2024-06-24 01:15:21 +0000"
    },
    "done": true
  },
  "minecraft:recipes/decorations/chain": {
    "criteria": {
      "has_iron_ingot": "2024-06-24 01:15:21 +0000"
    },
    "done": true
  },
  "minecraft:recipes/building_blocks/iron_block": {
    "criteria": {
      "has_iron_ingot": "2024-06-24 01:15:21 +0000"
    },
    "done": true
  },
  "minecraft:recipes/decorations/smithing_table": {
    "criteria": {
      "has_iron_ingot": "2024-06-24 01:15:21 +0000"
    },
    "done": true
  },
  "minecraft:recipes/combat/iron_sword": {
    "criteria": {
      "has_iron_ingot": "2024-06-24 01:15:21 +0000"
    },
    "done": true
  },
  "minecraft:recipes/tools/iron_pickaxe": {
    "criteria": {
      "has_iron_ingot": "2024-06-24 01:15:21 +0000"
    },
    "done": true
  },
  "minecraft:recipes/combat/shield": {
    "criteria": {
      "has_iron_ingot": "2024-06-24 01:15:21 +0000"
    },
    "done": true
  },
  "minecraft:recipes/redstone/hopper": {
    "criteria": {
      "has_iron_ingot": "2024-06-24 01:15:21 +0000"
    },
    "done": true
  },
  "minecraft:recipes/decorations/iron_bars": {
    "criteria": {
      "has_iron_ingot": "2024-06-24 01:15:21 +0000"
    },
    "done": true
  },
  "minecraft:recipes/combat/iron_boots": {
    "criteria": {
      "has_iron_ingot": "2024-06-24 01:15:21 +0000"
    },
    "done": true
  },
  "minecraft:recipes/decorations/lantern": {
    "criteria": {
      "has_iron_ingot": "2024-06-24 01:15:21 +0000"
    },
    "done": true
  },
  "minecraft:recipes/tools/iron_shovel": {
    "criteria": {
      "has_iron_ingot": "2024-06-24 01:15:21 +0000"
    },
    "done": true
  },
  "minecraft:recipes/redstone/iron_trapdoor": {
    "criteria": {
      "has_iron_ingot": "2024-06-24 01:15:21 +0000"
    },
    "done": true
  },
  "minecraft:recipes/tools/iron_axe": {
    "criteria": {
      "has_iron_ingot": "2024-06-24 01:15:21 +0000"
    },
    "done": true
  },
  "minecraft:recipes/combat/crossbow": {
    "criteria": {
      "has_iron_ingot": "2024-06-24 01:15:21 +0000"
    },
    "done": true
  },
  "minecraft:recipes/redstone/iron_door": {
    "criteria": {
      "has_iron_ingot": "2024-06-24 01:15:21 +0000"
    },
    "done": true
  },
  "minecraft:recipes/redstone/heavy_weighted_pressure_plate": {
    "criteria": {
      "has_iron_ingot": "2024-06-24 01:15:21 +0000"
    },
    "done": true
  },
  "minecraft:recipes/decorations/chest": {
    "criteria": {
      "has_lots_of_items": "2024-06-24 01:15:29 +0000"
    },
    "done": true
  },
  "blazeandcave:weaponry/sir_knight": {
    "criteria": {
      "shield": "2024-06-24 01:16:58 +0000"
    },
    "done": true
  },
  "blazeandcave:bacap/weaponry_milestone": {
    "criteria": {
      "root": "2024-06-24 01:21:46 +0000",
      "shield_luck": "2024-06-24 19:28:30 +0000",
      "sir_knight": "2024-06-24 01:16:59 +0000",
      "viking": "2024-06-24 19:38:34 +0000"
    },
    "done": false
  },
  "blazeandcave:weaponry/root": {
    "criteria": {
      "sword": "2024-06-24 01:21:46 +0000"
    },
    "done": true
  },
  "blazeandcave:bacap/monsters_milestone": {
    "criteria": {
      "dead_dont_die": "2024-06-24 01:24:22 +0000",
      "root": "2024-06-24 01:21:46 +0000",
      "ooh_baby": "2024-06-24 01:24:22 +0000",
      "monster_hunter": "2024-06-24 01:24:22 +0000",
      "ew_ew_ew": "2024-06-24 19:23:45 +0000",
      "not_today_thank_you": "2024-06-24 19:28:30 +0000"
    },
    "done": false
  },
  "blazeandcave:bacap/time_to_strike": {
    "criteria": {
      "stone_sword": "2024-06-24 01:21:46 +0000"
    },
    "done": true
  },
  "blazeandcave:monsters/root": {
    "criteria": {
      "sword": "2024-06-24 01:21:46 +0000"
    },
    "done": true
  },
  "minecraft:recipes/misc/iron_nugget_from_smelting": {
    "criteria": {
      "has_iron_pickaxe": "2024-06-24 01:23:47 +0000"
    },
    "done": true
  },
  "minecraft:story/iron_tools": {
    "criteria": {
      "iron_pickaxe": "2024-06-24 01:23:47 +0000"
    },
    "done": true
  },
  "blazeandcave:redstone/engineer": {
    "criteria": {
      "white_wool": "2024-06-24 19:37:40 +0000",
      "string": "2024-06-24 19:23:45 +0000",
      "amethyst_block": "2024-06-24 01:23:47 +0000"
    },
    "done": false
  },
  "minecraft:recipes/misc/iron_nugget_from_blasting": {
    "criteria": {
      "has_iron_pickaxe": "2024-06-24 01:23:47 +0000"
    },
    "done": true
  },
  "blazeandcave:mining/mineral_collection": {
    "criteria": {
      "amethyst_block": "2024-06-24 01:23:47 +0000"
    },
    "done": false
  },
  "minecraft:recipes/decorations/fletching_table": {
    "criteria": {
      "has_flint": "2024-06-24 01:23:48 +0000"
    },
    "done": true
  },
  "minecraft:recipes/combat/arrow": {
    "criteria": {
      "has_flint": "2024-06-24 01:23:48 +0000"
    },
    "done": true
  },
  "blazeandcave:mining/meet_the_flintstones": {
    "criteria": {
      "flint": "2024-06-24 01:23:48 +0000"
    },
    "done": true
  },
  "minecraft:recipes/food/cooked_beef_from_smoking": {
    "criteria": {
      "has_beef": "2024-06-24 01:23:48 +0000"
    },
    "done": true
  },
  "minecraft:recipes/tools/flint_and_steel": {
    "criteria": {
      "has_flint": "2024-06-24 01:23:48 +0000"
    },
    "done": true
  },
  "minecraft:recipes/food/cooked_beef": {
    "criteria": {
      "has_beef": "2024-06-24 01:23:48 +0000"
    },
    "done": true
  },
  "minecraft:recipes/food/cooked_beef_from_campfire_cooking": {
    "criteria": {
      "has_beef": "2024-06-24 01:23:48 +0000"
    },
    "done": true
  },
  "minecraft:recipes/building_blocks/coarse_dirt": {
    "criteria": {
      "has_gravel": "2024-06-24 01:23:49 +0000"
    },
    "done": true
  },
  "minecraft:recipes/building_blocks/light_gray_concrete_powder": {
    "criteria": {
      "has_gravel": "2024-06-24 01:23:49 +0000"
    },
    "done": true
  },
  "minecraft:recipes/building_blocks/pink_concrete_powder": {
    "criteria": {
      "has_gravel": "2024-06-24 01:23:49 +0000"
    },
    "done": true
  },
  "minecraft:recipes/building_blocks/red_concrete_powder": {
    "criteria": {
      "has_gravel": "2024-06-24 01:23:49 +0000"
    },
    "done": true
  },
  "minecraft:recipes/building_blocks/brown_concrete_powder": {
    "criteria": {
      "has_gravel": "2024-06-24 01:23:49 +0000"
    },
    "done": true
  },
  "minecraft:recipes/building_blocks/light_blue_concrete_powder": {
    "criteria": {
      "has_gravel": "2024-06-24 01:23:49 +0000"
    },
    "done": true
  },
  "minecraft:recipes/building_blocks/green_concrete_powder": {
    "criteria": {
      "has_gravel": "2024-06-24 01:23:49 +0000"
    },
    "done": true
  },
  "minecraft:recipes/building_blocks/blue_concrete_powder": {
    "criteria": {
      "has_gravel": "2024-06-24 01:23:49 +0000"
    },
    "done": true
  },
  "minecraft:recipes/building_blocks/white_concrete_powder": {
    "criteria": {
      "has_gravel": "2024-06-24 01:23:49 +0000"
    },
    "done": true
  },
  "minecraft:recipes/building_blocks/lime_concrete_powder": {
    "criteria": {
      "has_gravel": "2024-06-24 01:23:49 +0000"
    },
    "done": true
  },
  "minecraft:recipes/building_blocks/orange_concrete_powder": {
    "criteria": {
      "has_gravel": "2024-06-24 01:23:49 +0000"
    },
    "done": true
  },
  "minecraft:recipes/building_blocks/magenta_concrete_powder": {
    "criteria": {
      "has_gravel": "2024-06-24 01:23:49 +0000"
    },
    "done": true
  },
  "minecraft:recipes/building_blocks/yellow_concrete_powder": {
    "criteria": {
      "has_gravel": "2024-06-24 01:23:49 +0000"
    },
    "done": true
  },
  "minecraft:recipes/building_blocks/gray_concrete_powder": {
    "criteria": {
      "has_gravel": "2024-06-24 01:23:49 +0000"
    },
    "done": true
  },
  "minecraft:recipes/building_blocks/black_concrete_powder": {
    "criteria": {
      "has_gravel": "2024-06-24 01:23:49 +0000"
    },
    "done": true
  },
  "minecraft:recipes/misc/firework_rocket_simple": {
    "criteria": {
      "has_gunpowder": "2024-06-24 01:23:49 +0000"
    },
    "done": true
  },
  "minecraft:recipes/redstone/tnt": {
    "criteria": {
      "has_gunpowder": "2024-06-24 01:23:49 +0000"
    },
    "done": true
  },
  "minecraft:recipes/building_blocks/purple_concrete_powder": {
    "criteria": {
      "has_gravel": "2024-06-24 01:23:49 +0000"
    },
    "done": true
  },
  "minecraft:recipes/building_blocks/cyan_concrete_powder": {
    "criteria": {
      "has_gravel": "2024-06-24 01:23:49 +0000"
    },
    "done": true
  },
  "blazeandcave:weaponry/multiclassed": {
    "criteria": {
      "sword": "2024-06-24 01:24:16 +0000",
      "pickaxe": "2024-06-24 01:28:13 +0000",
      "axe": "2024-06-24 19:38:34 +0000"
    },
    "done": false
  },
  "blazeandcave:mining/good_for_your_bones": {
    "criteria": {
      "calcite": "2024-06-24 01:24:20 +0000"
    },
    "done": true
  },
  "minecraft:recipes/brewing/cauldron": {
    "criteria": {
      "has_water_bucket": "2024-06-24 01:24:20 +0000"
    },
    "done": true
  },
  "blazeandcave:monsters/ooh_baby": {
    "criteria": {
      "zombie": "2024-06-24 01:24:22 +0000"
    },
    "done": true
  },
  "minecraft:adventure/kill_all_mobs": {
    "criteria": {
      "minecraft:spider": "2024-06-24 19:23:45 +0000",
      "minecraft:zombie": "2024-06-24 01:24:22 +0000"
    },
    "done": false
  },
  "blazeandcave:monsters/baby_baby_baby_noo": {
    "criteria": {
      "zombie": "2024-06-24 01:24:22 +0000"
    },
    "done": false
  },
  "blazeandcave:monsters/dead_dont_die": {
    "criteria": {
      "zombie": "2024-06-24 01:24:22 +0000"
    },
    "done": true
  },
  "blazeandcave:monsters/night_runner": {
    "criteria": {
      "zombie": "2024-06-24 01:24:22 +0000",
      "spider": "2024-06-24 19:23:45 +0000"
    },
    "done": false
  },
  "minecraft:adventure/kill_a_mob": {
    "criteria": {
      "monster_hunter": "2024-06-24 01:24:22 +0000"
    },
    "done": true
  },
  "blazeandcave:mining/fossil_fuel": {
    "criteria": {
      "coal": "2024-06-24 01:24:52 +0000"
    },
    "done": true
  },
  "minecraft:recipes/building_blocks/coal_block": {
    "criteria": {
      "has_coal": "2024-06-24 01:24:52 +0000"
    },
    "done": true
  },
  "minecraft:recipes/transportation/cherry_boat": {
    "criteria": {
      "in_water": "2024-06-24 01:28:49 +0000"
    },
    "done": true
  },
  "minecraft:recipes/transportation/bamboo_raft": {
    "criteria": {
      "in_water": "2024-06-24 01:28:49 +0000"
    },
    "done": true
  },
  "minecraft:recipes/transportation/spruce_boat": {
    "criteria": {
      "in_water": "2024-06-24 01:28:49 +0000"
    },
    "done": true
  },
  "minecraft:recipes/transportation/birch_boat": {
    "criteria": {
      "in_water": "2024-06-24 01:28:49 +0000"
    },
    "done": true
  },
  "minecraft:recipes/transportation/oak_boat": {
    "criteria": {
      "in_water": "2024-06-24 01:28:49 +0000"
    },
    "done": true
  },
  "minecraft:recipes/transportation/mangrove_boat": {
    "criteria": {
      "in_water": "2024-06-24 01:28:49 +0000"
    },
    "done": true
  },
  "blazeandcave:biomes/just_keep_swimming": {
    "criteria": {
      "enter_water": "2024-06-24 01:28:49 +0000"
    },
    "done": true
  },
  "minecraft:recipes/transportation/acacia_boat": {
    "criteria": {
      "in_water": "2024-06-24 01:28:49 +0000"
    },
    "done": true
  },
  "minecraft:recipes/transportation/jungle_boat": {
    "criteria": {
      "in_water": "2024-06-24 01:28:49 +0000"
    },
    "done": true
  },
  "blazeandcave:mining/deep_slate_nine": {
    "criteria": {
      "deepslate_level": "2024-06-24 01:28:52 +0000"
    },
    "done": true
  },
  "minecraft:recipes/combat/diamond_leggings": {
    "criteria": {
      "has_diamond": "2024-06-24 01:32:14 +0000"
    },
    "done": true
  },
  "minecraft:recipes/combat/diamond_sword": {
    "criteria": {
      "has_diamond": "2024-06-24 01:32:14 +0000"
    },
    "done": true
  },
  "minecraft:recipes/decorations/jukebox": {
    "criteria": {
      "has_diamond": "2024-06-24 01:32:14 +0000"
    },
    "done": true
  },
  "minecraft:recipes/combat/diamond_chestplate": {
    "criteria": {
      "has_diamond": "2024-06-24 01:32:14 +0000"
    },
    "done": true
  },
  "minecraft:recipes/tools/diamond_pickaxe": {
    "criteria": {
      "has_diamond": "2024-06-24 01:32:14 +0000"
    },
    "done": true
  },
  "minecraft:recipes/tools/diamond_hoe": {
    "criteria": {
      "has_diamond": "2024-06-24 01:32:14 +0000"
    },
    "done": true
  },
  "minecraft:recipes/tools/diamond_shovel": {
    "criteria": {
      "has_diamond": "2024-06-24 01:32:14 +0000"
    },
    "done": true
  },
  "minecraft:recipes/combat/diamond_boots": {
    "criteria": {
      "has_diamond": "2024-06-24 01:32:14 +0000"
    },
    "done": true
  },
  "minecraft:recipes/combat/diamond_helmet": {
    "criteria": {
      "has_diamond": "2024-06-24 01:32:14 +0000"
    },
    "done": true
  },
  "minecraft:recipes/building_blocks/diamond_block": {
    "criteria": {
      "has_diamond": "2024-06-24 01:32:14 +0000"
    },
    "done": true
  },
  "minecraft:story/mine_diamond": {
    "criteria": {
      "diamond": "2024-06-24 01:32:14 +0000"
    },
    "done": true
  },
  "minecraft:recipes/tools/diamond_axe": {
    "criteria": {
      "has_diamond": "2024-06-24 01:32:14 +0000"
    },
    "done": true
  },
  "blazeandcave:mining/iggy": {
    "criteria": {
      "flowering_azalea": "2024-06-24 01:34:13 +0000"
    },
    "done": true
  },
  "blazeandcave:animal/which_came_first": {
    "criteria": {
      "egg": "2024-06-24 19:46:37 +0000"
    },
    "done": true
  },
  "minecraft:recipes/building_blocks/polished_deepslate": {
    "criteria": {
      "has_cobbled_deepslate": "2024-06-24 19:25:28 +0000"
    },
    "done": true
  },
  "minecraft:recipes/food/cake": {
    "criteria": {
      "has_egg": "2024-06-24 19:46:37 +0000"
    },
    "done": true
  },
  "minecraft:recipes/building_blocks/deepslate_tile_stairs_from_cobbled_deepslate_stonecutting": {
    "criteria": {
      "has_cobbled_deepslate": "2024-06-24 19:25:28 +0000"
    },
    "done": true
  },
  "blazeandcave:bacap/redstone_milestone": {
    "criteria": {
      "under_pressure": "2024-06-24 19:41:03 +0000"
    },
    "done": false
  },
  "minecraft:story/obtain_armor": {
    "criteria": {
      "iron_leggings": "2024-06-24 19:41:01 +0000"
    },
    "done": true
  },
  "blazeandcave:weaponry/master_shieldsman": {
    "criteria": {
      "skeleton": "2024-06-24 19:28:30 +0000"
    },
    "done": false
  },
  "blazeandcave:bacap/time_to_farm": {
    "criteria": {
      "iron_hoe": "2024-06-24 19:51:25 +0000"
    },
    "done": true
  },
  "blazeandcave:animal/axolotl_of_them": {
    "criteria": {
      "leucistic": "2024-06-24 19:22:53 +0000",
      "cyan": "2024-06-24 19:31:02 +0000"
    },
    "done": false
  },
  "blazeandcave:building/rainbow_dreams": {
    "criteria": {
      "white_bed": "2024-06-24 19:38:50 +0000"
    },
    "done": false
  },
  "minecraft:recipes/food/cooked_mutton_from_smoking": {
    "criteria": {
      "has_mutton": "2024-06-24 19:37:40 +0000"
    },
    "done": true
  },
  "blazeandcave:building/torched": {
    "criteria": {
      "torch": "2024-06-24 19:25:01 +0000"
    },
    "done": true
  },
  "minecraft:story/deflect_arrow": {
    "criteria": {
      "deflected_skeleton": "2024-06-24 19:28:30 +0000"
    },
    "done": true
  },
  "blazeandcave:biomes/high_feet": {
    "criteria": {
      "stony_shore": "2024-06-24 20:15:56 +0000",
      "meadow": "2024-06-24 19:41:11 +0000"
    },
    "done": false
  },
  "minecraft:recipes/tools/golden_axe": {
    "criteria": {
      "has_gold_ingot": "2024-06-24 20:07:36 +0000"
    },
    "done": true
  },
  "blazeandcave:statistics/luxury_cruise": {
    "criteria": {
      "trigger": "2024-06-24 20:10:03 +0000"
    },
    "done": true
  },
  "minecraft:recipes/tools/golden_pickaxe": {
    "criteria": {
      "has_gold_ingot": "2024-06-24 20:07:36 +0000"
    },
    "done": true
  },
  "minecraft:recipes/building_blocks/deepslate_brick_stairs_from_cobbled_deepslate_stonecutting": {
    "criteria": {
      "has_cobbled_deepslate": "2024-06-24 19:25:28 +0000"
    },
    "done": true
  },
  "blazeandcave:biomes/the_sea_calls_you": {
    "criteria": {
      "ocean": "2024-06-24 20:16:02 +0000"
    },
    "done": true
  },
  "minecraft:recipes/misc/gold_nugget_from_smelting": {
    "criteria": {
      "has_golden_boots": "2024-06-24 20:07:29 +0000"
    },
    "done": true
  },
  "blazeandcave:weaponry/viking": {
    "criteria": {
      "axe": "2024-06-24 19:38:34 +0000"
    },
    "done": true
  },
  "minecraft:recipes/misc/gold_nugget": {
    "criteria": {
      "has_gold_ingot": "2024-06-24 20:07:36 +0000"
    },
    "done": true
  },
  "minecraft:recipes/tools/golden_shovel": {
    "criteria": {
      "has_gold_ingot": "2024-06-24 20:07:36 +0000"
    },
    "done": true
  },
  "minecraft:recipes/combat/bow": {
    "criteria": {
      "has_string": "2024-06-24 19:23:45 +0000"
    },
    "done": true
  },
  "minecraft:recipes/food/golden_apple": {
    "criteria": {
      "has_gold_ingot": "2024-06-24 20:07:36 +0000"
    },
    "done": true
  },
  "blazeandcave:weaponry/shield_luck": {
    "criteria": {
      "deflected_trident": "2024-06-24 19:28:30 +0000"
    },
    "done": true
  },
  "blazeandcave:adventure/raidin_master": {
    "criteria": {
      "village_plains": "2024-06-24 19:39:35 +0000",
      "ruined_portal": "2024-06-24 20:07:24 +0000"
    },
    "done": false
  },
  "minecraft:recipes/combat/golden_boots": {
    "criteria": {
      "has_gold_ingot": "2024-06-24 20:07:36 +0000"
    },
    "done": true
  },
  "blazeandcave:mining/living_like_kings": {
    "criteria": {
      "golden_boots": "2024-06-24 20:07:36 +0000"
    },
    "done": true
  },
  "blazeandcave:mining/gold_rush": {
    "criteria": {
      "gold_ingot": "2024-06-24 20:07:36 +0000"
    },
    "done": true
  },
  "minecraft:recipes/decorations/painting": {
    "criteria": {
      "has_wool": "2024-06-24 19:37:40 +0000"
    },
    "done": true
  },
  "blazeandcave:monsters/ew_ew_ew": {
    "criteria": {
      "spider": "2024-06-24 19:23:45 +0000"
    },
    "done": true
  },
  "minecraft:recipes/misc/gold_nugget_from_blasting": {
    "criteria": {
      "has_golden_boots": "2024-06-24 20:07:29 +0000"
    },
    "done": true
  },
  "minecraft:recipes/combat/golden_helmet": {
    "criteria": {
      "has_gold_ingot": "2024-06-24 20:07:36 +0000"
    },
    "done": true
  },
  "blazeandcave:farming/bake_bread": {
    "criteria": {
      "bread": "2024-06-24 19:49:33 +0000"
    },
    "done": true
  },
  "blazeandcave:farming/root": {
    "criteria": {
      "hoe": "2024-06-24 19:51:25 +0000"
    },
    "done": true
  },
  "minecraft:recipes/tools/fishing_rod": {
    "criteria": {
      "has_string": "2024-06-24 19:23:45 +0000"
    },
    "done": true
  },
  "minecraft:recipes/building_blocks/chiseled_deepslate_from_cobbled_deepslate_stonecutting": {
    "criteria": {
      "has_cobbled_deepslate": "2024-06-24 19:25:28 +0000"
    },
    "done": true
  },
  "minecraft:recipes/building_blocks/cobbled_deepslate_slab": {
    "criteria": {
      "has_cobbled_deepslate": "2024-06-24 19:25:28 +0000"
    },
    "done": true
  },
  "minecraft:recipes/building_blocks/emerald_block": {
    "criteria": {
      "has_emerald": "2024-06-24 19:54:35 +0000"
    },
    "done": true
  },
  "blazeandcave:weaponry/axeman": {
    "criteria": {
      "stone_axe": "2024-06-24 19:38:34 +0000"
    },
    "done": false
  },
  "minecraft:recipes/decorations/cobbled_deepslate_wall_from_cobbled_deepslate_stonecutting": {
    "criteria": {
      "has_cobbled_deepslate": "2024-06-24 19:25:28 +0000"
    },
    "done": true
  },
  "blazeandcave:animal/wooly": {
    "criteria": {
      "sheep": "2024-06-24 19:37:40 +0000"
    },
    "done": true
  },
  "minecraft:adventure/sleep_in_bed": {
    "criteria": {
      "slept_in_bed": "2024-06-24 19:39:51 +0000"
    },
    "done": true
  },
  "minecraft:recipes/combat/golden_chestplate": {
    "criteria": {
      "has_gold_ingot": "2024-06-24 20:07:36 +0000"
    },
    "done": true
  },
  "blazeandcave:adventure/now_youre_thinking_with_portals": {
    "criteria": {
      "ruined_portal": "2024-06-24 20:07:24 +0000"
    },
    "done": true
  },
  "blazeandcave:farming/vegetarian": {
    "criteria": {
      "bread": "2024-06-24 19:55:15 +0000",
      "glow_berries": "2024-06-24 19:23:49 +0000"
    },
    "done": false
  },
  "minecraft:recipes/redstone/tripwire_hook": {
    "criteria": {
      "has_string": "2024-06-24 19:23:45 +0000"
    },
    "done": true
  },
  "minecraft:recipes/decorations/cobbled_deepslate_wall": {
    "criteria": {
      "has_cobbled_deepslate": "2024-06-24 19:25:28 +0000"
    },
    "done": true
  },
  "minecraft:recipes/decorations/polished_deepslate_wall_from_cobbled_deepslate_stonecutting": {
    "criteria": {
      "has_cobbled_deepslate": "2024-06-24 19:25:28 +0000"
    },
    "done": true
  },
  "blazeandcave:animal/rainbow_collection": {
    "criteria": {
      "white_wool": "2024-06-24 19:37:40 +0000"
    },
    "done": false
  },
  "blazeandcave:mining/a_shiny_treat": {
    "criteria": {
      "glow_berries": "2024-06-24 19:23:49 +0000"
    },
    "done": true
  },
  "blazeandcave:building/deepslate_conspiracy": {
    "criteria": {
      "cobbled_deepslate": "2024-06-24 19:25:28 +0000"
    },
    "done": false
  },
  "minecraft:recipes/decorations/candle": {
    "criteria": {
      "has_string": "2024-06-24 19:23:45 +0000"
    },
    "done": true
  },
  "minecraft:recipes/food/bread": {
    "criteria": {
      "has_wheat": "2024-06-24 20:23:02 +0000"
    },
    "done": true
  },
  "minecraft:recipes/building_blocks/hay_block": {
    "criteria": {
      "has_wheat": "2024-06-24 20:23:02 +0000"
    },
    "done": true
  },
  "minecraft:recipes/redstone/target": {
    "criteria": {
      "has_hay_block": "2024-06-24 19:50:51 +0000"
    },
    "done": true
  },
  "minecraft:recipes/building_blocks/cobbled_deepslate_stairs_from_cobbled_deepslate_stonecutting": {
    "criteria": {
      "has_cobbled_deepslate": "2024-06-24 19:25:28 +0000"
    },
    "done": true
  },
  "minecraft:recipes/building_blocks/deepslate": {
    "criteria": {
      "has_cobbled_deepslate": "2024-06-24 19:25:28 +0000"
    },
    "done": true
  },
  "minecraft:recipes/decorations/white_carpet": {
    "criteria": {
      "has_white_wool": "2024-06-24 19:37:40 +0000"
    },
    "done": true
  },
  "blazeandcave:redstone/under_pressure": {
    "criteria": {
      "oak_pressure_plate": "2024-06-24 19:41:02 +0000"
    },
    "done": true
  },
  "minecraft:recipes/redstone/light_weighted_pressure_plate": {
    "criteria": {
      "has_gold_ingot": "2024-06-24 20:07:36 +0000"
    },
    "done": true
  },
  "minecraft:recipes/misc/conduit": {
    "criteria": {
      "has_nautilus_shell": "2024-06-24 20:10:03 +0000"
    },
    "done": true
  },
  "blazeandcave:enchanting/complete_enchanter": {
    "criteria": {
      "efficiency": "2024-06-24 20:07:33 +0000",
      "projectile_protection": "2024-06-24 20:07:29 +0000"
    },
    "done": false
  },
  "minecraft:recipes/building_blocks/polished_deepslate_stairs_from_cobbled_deepslate_stonecutting": {
    "criteria": {
      "has_cobbled_deepslate": "2024-06-24 19:25:28 +0000"
    },
    "done": true
  },
  "blazeandcave:challenges/ultimate_enchanter": {
    "criteria": {
      "efficiency2": "2024-06-24 20:07:33 +0000",
      "projectile_protection1": "2024-06-24 20:07:29 +0000"
    },
    "done": false
  },
  "blazeandcave:statistics/sneaky_snitch": {
    "criteria": {
      "trigger": "2024-06-24 19:26:41 +0000"
    },
    "done": true
  },
  "blazeandcave:enchanting/armor_for_the_masses": {
    "criteria": {
      "projectile_protection": "2024-06-24 20:07:29 +0000"
    },
    "done": false
  },
  "minecraft:recipes/decorations/deepslate_brick_wall_from_cobbled_deepslate_stonecutting": {
    "criteria": {
      "has_cobbled_deepslate": "2024-06-24 19:25:28 +0000"
    },
    "done": true
  },
  "minecraft:recipes/building_blocks/polished_deepslate_from_cobbled_deepslate_stonecutting": {
    "criteria": {
      "has_cobbled_deepslate": "2024-06-24 19:25:28 +0000"
    },
    "done": true
  },
  "minecraft:recipes/building_blocks/polished_deepslate_slab_from_cobbled_deepslate_stonecutting": {
    "criteria": {
      "has_cobbled_deepslate": "2024-06-24 19:25:28 +0000"
    },
    "done": true
  },
  "blazeandcave:biomes/the_mighty_jungle": {
    "criteria": {
      "jungle": "2024-06-24 20:14:31 +0000"
    },
    "done": true
  },
  "blazeandcave:farming/come_to_the_countryside": {
    "criteria": {
      "wheat": "2024-06-24 20:03:28 +0000"
    },
    "done": false
  },
  "minecraft:recipes/building_blocks/deepslate_brick_slab_from_cobbled_deepslate_stonecutting": {
    "criteria": {
      "has_cobbled_deepslate": "2024-06-24 19:25:28 +0000"
    },
    "done": true
  },
  "blazeandcave:biomes/tarzan": {
    "criteria": {
      "enter_vine": "2024-06-24 20:14:26 +0000"
    },
    "done": true
  },
  "minecraft:recipes/building_blocks/cobbled_deepslate_slab_from_cobbled_deepslate_stonecutting": {
    "criteria": {
      "has_cobbled_deepslate": "2024-06-24 19:25:28 +0000"
    },
    "done": true
  },
  "minecraft:recipes/food/cooked_mutton": {
    "criteria": {
      "has_mutton": "2024-06-24 19:37:40 +0000"
    },
    "done": true
  },
  "minecraft:recipes/building_blocks/deepslate_tile_slab_from_cobbled_deepslate_stonecutting": {
    "criteria": {
      "has_cobbled_deepslate": "2024-06-24 19:25:28 +0000"
    },
    "done": true
  },
  "minecraft:recipes/decorations/white_banner": {
    "criteria": {
      "has_white_wool": "2024-06-24 19:37:40 +0000"
    },
    "done": true
  },
  "minecraft:recipes/building_blocks/cobbled_deepslate_stairs": {
    "criteria": {
      "has_cobbled_deepslate": "2024-06-24 19:25:28 +0000"
    },
    "done": true
  },
  "blazeandcave:challenges/i_am_loot": {
    "criteria": {
      "village_plains_house": "2024-06-24 19:39:57 +0000",
      "village_weaponsmith": "2024-06-24 19:40:57 +0000",
      "ruined_portal": "2024-06-24 20:07:23 +0000"
    },
    "done": false
  },
  "minecraft:recipes/transportation/carrot_on_a_stick": {
    "criteria": {
      "has_carrot": "2024-06-24 20:03:25 +0000"
    },
    "done": true
  },
  "minecraft:recipes/food/cooked_mutton_from_campfire_cooking": {
    "criteria": {
      "has_mutton": "2024-06-24 19:37:40 +0000"
    },
    "done": true
  },
  "blazeandcave:adventure/do_you_want_to_trade": {
    "criteria": {
      "village": "2024-06-24 19:39:35 +0000"
    },
    "done": true
  },
  "minecraft:recipes/combat/golden_sword": {
    "criteria": {
      "has_gold_ingot": "2024-06-24 20:07:36 +0000"
    },
    "done": true
  },
  "minecraft:recipes/building_blocks/gold_block": {
    "criteria": {
      "has_gold_ingot": "2024-06-24 20:07:36 +0000"
    },
    "done": true
  },
  "minecraft:recipes/building_blocks/white_wool_from_string": {
    "criteria": {
      "has_string": "2024-06-24 19:23:45 +0000"
    },
    "done": true
  },
  "blazeandcave:building/ladder_climbers_inc": {
    "criteria": {
      "enter_ladder": "2024-06-24 19:51:09 +0000"
    },
    "done": true
  },
  "minecraft:recipes/decorations/deepslate_tile_wall_from_cobbled_deepslate_stonecutting": {
    "criteria": {
      "has_cobbled_deepslate": "2024-06-24 19:25:28 +0000"
    },
    "done": true
  },
  "minecraft:recipes/building_blocks/oak_planks": {
    "criteria": {
      "has_logs": "2024-06-24 19:45:24 +0000"
    },
    "done": true
  },
  "blazeandcave:biomes/wet_feet": {
    "criteria": {
      "ocean": "2024-06-24 20:16:02 +0000",
      "beach": "2024-06-24 19:38:35 +0000",
      "river": "2024-06-24 19:36:02 +0000"
    },
    "done": false
  },
  "blazeandcave:adventure/oh_look_it_dings": {
    "criteria": {
      "bell": "2024-06-24 20:02:56 +0000"
    },
    "done": true
  },
  "minecraft:recipes/building_blocks/deepslate_bricks_from_cobbled_deepslate_stonecutting": {
    "criteria": {
      "has_cobbled_deepslate": "2024-06-24 19:25:28 +0000"
    },
    "done": true
  },
  "blazeandcave:biomes/overgrown": {
    "criteria": {
      "jungle": "2024-06-24 20:14:31 +0000"
    },
    "done": false
  },
  "blazeandcave:statistics/spring_in_your_step": {
    "criteria": {
      "trigger": "2024-06-24 19:35:05 +0000"
    },
    "done": true
  },
  "minecraft:husbandry/plant_seed": {
    "criteria": {
      "wheat": "2024-06-24 20:03:28 +0000"
    },
    "done": true
  },
  "minecraft:husbandry/axolotl_in_a_bucket": {
    "criteria": {
      "axolotl_bucket": "2024-06-24 19:22:53 +0000"
    },
    "done": true
  },
  "minecraft:recipes/misc/wheat": {
    "criteria": {
      "has_hay_block": "2024-06-24 19:50:51 +0000"
    },
    "done": true
  },
  "minecraft:recipes/decorations/white_bed": {
    "criteria": {
      "has_white_wool": "2024-06-24 19:37:40 +0000"
    },
    "done": true
  },
  "minecraft:recipes/tools/golden_hoe": {
    "criteria": {
      "has_gold_ingot": "2024-06-24 20:07:36 +0000"
    },
    "done": true
  },
  "blazeandcave:bacap/time_to_dig": {
    "criteria": {
      "iron_shovel": "2024-06-24 19:44:33 +0000"
    },
    "done": true
  },
  "minecraft:recipes/building_blocks/deepslate_tiles_from_cobbled_deepslate_stonecutting": {
    "criteria": {
      "has_cobbled_deepslate": "2024-06-24 19:25:28 +0000"
    },
    "done": true
  },
  "blazeandcave:building/professor_oak": {
    "criteria": {
      "oak_log": "2024-06-24 19:45:24 +0000"
    },
    "done": false
  },
  "minecraft:recipes/decorations/loom": {
    "criteria": {
      "has_string": "2024-06-24 19:23:45 +0000"
    },
    "done": true
  },
  "minecraft:recipes/building_blocks/oak_wood": {
    "criteria": {
      "has_log": "2024-06-24 19:45:24 +0000"
    },
    "done": true
  },
  "blazeandcave:challenges/stack_all_the_blocks": {
    "criteria": {
      "dirt": "2024-06-24 19:53:20 +0000",
      "white_bed": "2024-06-24 19:38:50 +0000"
    },
    "done": false
  },
  "minecraft:recipes/combat/golden_leggings": {
    "criteria": {
      "has_gold_ingot": "2024-06-24 20:07:36 +0000"
    },
    "done": true
  },
  "DataVersion": 3953
}