{
  "minecraft:recipes/decorations/crafting_table": {
    "criteria": {
      "unlock_right_away": "2024-06-24 00:34:19 +0000"
    },
    "done": true
  },
  "blazeandcave:challenges/explorer_of_worlds": {
    "criteria": {
      "dark_forest": "2024-06-24 00:34:19 +0000"
    },
    "done": false
  },
  "blazeandcave:bacap/root": {
    "criteria": {
      "location": "2024-06-24 00:34:19 +0000"
    },
    "done": true
  },
  "minecraft:adventure/adventuring_time": {
    "criteria": {
      "dark_forest": "2024-06-24 00:34:19 +0000"
    },
    "done": false
  },
  "blazeandcave:bacap/advancement_legend": {
    "criteria": {
      "benchmarking": "2024-06-24 00:36:12 +0000",
      "animal_root": "2024-06-24 01:02:07 +0000",
      "bacap_root": "2024-06-24 00:34:20 +0000",
      "for_you_my_sweet": "2024-06-24 00:35:47 +0000",
      "high_steaks": "2024-06-24 01:02:07 +0000",
      "boaty_mcboatface": "2024-06-24 00:45:01 +0000",
      "the_first_night": "2024-06-24 00:41:41 +0000",
      "cow_tipper": "2024-06-24 00:49:15 +0000",
      "deals_off": "2024-06-24 00:45:48 +0000",
      "statistics_root": "2024-06-24 00:41:42 +0000",
      "time_to_mine": "2024-06-24 01:07:45 +0000",
      "adventure_root": "2024-06-24 00:37:01 +0000",
      "stone_age": "2024-06-24 01:07:57 +0000",
      "full_stomach": "2024-06-24 01:03:13 +0000",
      "mining_root": "2024-06-24 01:07:45 +0000",
      "getting_wood": "2024-06-24 00:35:50 +0000",
      "building_root": "2024-06-24 00:36:12 +0000",
      "biomes_root": "2024-06-24 00:37:01 +0000",
      "heart_of_darkness": "2024-06-24 00:38:03 +0000",
      "stay_calmer": "2024-06-24 00:46:13 +0000",
      "time_to_chop": "2024-06-24 01:09:00 +0000",
      "getting_an_upgrade": "2024-06-24 01:08:20 +0000"
    },
    "done": false
  },
  "blazeandcave:biomes/one_with_the_forest": {
    "criteria": {
      "dark_forest": "2024-06-24 00:34:20 +0000"
    },
    "done": false
  },
  "blazeandcave:challenges/all_the_blocks": {
    "criteria": {
      "dark_oak_log": "2024-06-24 00:35:49 +0000",
      "cobblestone": "2024-06-24 01:07:57 +0000",
      "poppy": "2024-06-24 00:35:46 +0000",
      "crafting_table": "2024-06-24 00:36:12 +0000",
      "dark_oak_planks": "2024-06-24 00:36:09 +0000",
      "peony": "2024-06-24 00:35:46 +0000"
    },
    "done": false
  },
  "minecraft:recipes/misc/red_dye_from_poppy": {
    "criteria": {
      "has_poppy": "2024-06-24 00:35:46 +0000"
    },
    "done": true
  },
  "minecraft:recipes/misc/pink_dye_from_peony": {
    "criteria": {
      "has_peony": "2024-06-24 00:35:46 +0000"
    },
    "done": true
  },
  "blazeandcave:biomes/flower_power": {
    "criteria": {
      "poppy": "2024-06-24 00:35:46 +0000",
      "peony": "2024-06-24 00:35:46 +0000"
    },
    "done": false
  },
  "blazeandcave:biomes/for_you_my_sweet": {
    "criteria": {
      "peony": "2024-06-24 00:35:46 +0000"
    },
    "done": true
  },
  "blazeandcave:bacap/biomes_milestone": {
    "criteria": {
      "for_you_my_sweet": "2024-06-24 00:35:47 +0000",
      "root": "2024-06-24 00:37:01 +0000",
      "boaty_mcboatface": "2024-06-24 00:45:01 +0000"
    },
    "done": false
  },
  "minecraft:recipes/building_blocks/dark_oak_planks": {
    "criteria": {
      "has_log": "2024-06-24 00:35:49 +0000"
    },
    "done": true
  },
  "blazeandcave:building/yay_i_got_my_wood": {
    "criteria": {
      "dark_oak_log": "2024-06-24 00:35:49 +0000"
    },
    "done": false
  },
  "minecraft:recipes/misc/charcoal": {
    "criteria": {
      "has_log": "2024-06-24 00:35:49 +0000"
    },
    "done": true
  },
  "minecraft:recipes/building_blocks/dark_oak_wood": {
    "criteria": {
      "has_log": "2024-06-24 00:35:49 +0000"
    },
    "done": true
  },
  "blazeandcave:bacap/getting_wood": {
    "criteria": {
      "dark_oak_log": "2024-06-24 00:35:49 +0000"
    },
    "done": true
  },
  "blazeandcave:building/professor_dark_oak": {
    "criteria": {
      "dark_oak_log": "2024-06-24 00:35:49 +0000",
      "dark_oak_boat": "2024-06-24 00:44:24 +0000",
      "dark_oak_planks": "2024-06-24 00:36:09 +0000"
    },
    "done": false
  },
  "minecraft:recipes/redstone/dark_oak_fence_gate": {
    "criteria": {
      "has_planks": "2024-06-24 00:36:09 +0000"
    },
    "done": true
  },
  "minecraft:recipes/redstone/dark_oak_trapdoor": {
    "criteria": {
      "has_planks": "2024-06-24 00:36:09 +0000"
    },
    "done": true
  },
  "minecraft:recipes/redstone/dark_oak_button": {
    "criteria": {
      "has_planks": "2024-06-24 00:36:09 +0000"
    },
    "done": true
  },
  "minecraft:recipes/misc/stick": {
    "criteria": {
      "has_planks": "2024-06-24 00:36:09 +0000"
    },
    "done": true
  },
  "minecraft:recipes/building_blocks/dark_oak_stairs": {
    "criteria": {
      "has_planks": "2024-06-24 00:36:09 +0000"
    },
    "done": true
  },
  "minecraft:recipes/redstone/dark_oak_pressure_plate": {
    "criteria": {
      "has_planks": "2024-06-24 00:36:09 +0000"
    },
    "done": true
  },
  "minecraft:recipes/decorations/dark_oak_fence": {
    "criteria": {
      "has_planks": "2024-06-24 00:36:09 +0000"
    },
    "done": true
  },
  "minecraft:recipes/building_blocks/dark_oak_slab": {
    "criteria": {
      "has_planks": "2024-06-24 00:36:09 +0000"
    },
    "done": true
  },
  "minecraft:recipes/redstone/dark_oak_door": {
    "criteria": {
      "has_planks": "2024-06-24 00:36:09 +0000"
    },
    "done": true
  },
  "minecraft:recipes/decorations/barrel": {
    "criteria": {
      "has_planks": "2024-06-24 00:36:09 +0000"
    },
    "done": true
  },
  "minecraft:recipes/decorations/dark_oak_sign": {
    "criteria": {
      "has_planks": "2024-06-24 00:36:09 +0000"
    },
    "done": true
  },
  "minecraft:recipes/decorations/ladder": {
    "criteria": {
      "has_stick": "2024-06-24 00:36:12 +0000"
    },
    "done": true
  },
  "blazeandcave:technical/bacap_branch_end": {
    "criteria": {
      "crafting_table": "2024-06-24 00:36:12 +0000"
    },
    "done": true
  },
  "minecraft:recipes/tools/wooden_axe": {
    "criteria": {
      "has_stick": "2024-06-24 00:36:12 +0000"
    },
    "done": true
  },
  "blazeandcave:building/root": {
    "criteria": {
      "crafting_table": "2024-06-24 00:36:12 +0000"
    },
    "done": true
  },
  "minecraft:recipes/decorations/campfire": {
    "criteria": {
      "has_stick": "2024-06-24 00:36:12 +0000"
    },
    "done": true
  },
  "minecraft:recipes/tools/wooden_hoe": {
    "criteria": {
      "has_stick": "2024-06-24 00:36:12 +0000"
    },
    "done": true
  },
  "minecraft:recipes/tools/wooden_pickaxe": {
    "criteria": {
      "has_stick": "2024-06-24 00:36:12 +0000"
    },
    "done": true
  },
  "blazeandcave:challenges/all_the_items": {
    "criteria": {
      "wheat_seeds": "2024-06-24 00:48:57 +0000",
      "dark_oak_boat": "2024-06-24 00:44:24 +0000",
      "wooden_pickaxe": "2024-06-24 01:07:45 +0000",
      "cooked_beef": "2024-06-24 01:01:33 +0000",
      "stick": "2024-06-24 00:36:12 +0000",
      "stone_pickaxe": "2024-06-24 01:08:20 +0000",
      "stone_axe": "2024-06-24 01:09:00 +0000",
      "leather": "2024-06-24 00:49:15 +0000"
    },
    "done": false
  },
  "blazeandcave:bacap/building_milestone": {
    "criteria": {
      "root": "2024-06-24 00:36:12 +0000"
    },
    "done": false
  },
  "minecraft:recipes/tools/wooden_shovel": {
    "criteria": {
      "has_stick": "2024-06-24 00:36:12 +0000"
    },
    "done": true
  },
  "minecraft:recipes/combat/wooden_sword": {
    "criteria": {
      "has_stick": "2024-06-24 00:36:12 +0000"
    },
    "done": true
  },
  "minecraft:story/root": {
    "criteria": {
      "crafting_table": "2024-06-24 00:36:12 +0000"
    },
    "done": true
  },
  "blazeandcave:biomes/root": {
    "criteria": {
      "killed_by_something": "2024-06-24 00:37:00 +0000"
    },
    "done": true
  },
  "minecraft:adventure/root": {
    "criteria": {
      "killed_by_something": "2024-06-24 00:37:00 +0000"
    },
    "done": true
  },
  "blazeandcave:challenges/death_from_all": {
    "criteria": {
      "skeleton": "2024-06-24 00:38:30 +0000",
      "zombie": "2024-06-24 00:37:00 +0000"
    },
    "done": false
  },
  "blazeandcave:bacap/adventure_milestone": {
    "criteria": {
      "root": "2024-06-24 00:37:01 +0000",
      "deals_off": "2024-06-24 00:45:48 +0000"
    },
    "done": false
  },
  "blazeandcave:mining/heart_of_darkness": {
    "criteria": {
      "enter_cave": "2024-06-24 00:38:02 +0000"
    },
    "done": true
  },
  "blazeandcave:bacap/mining_milestone": {
    "criteria": {
      "root": "2024-06-24 01:07:45 +0000",
      "heart_of_darkness": "2024-06-24 00:38:03 +0000",
      "getting_an_upgrade": "2024-06-24 01:08:20 +0000",
      "stone_age": "2024-06-24 01:07:57 +0000"
    },
    "done": false
  },
  "blazeandcave:bacap/statistics_milestone": {
    "criteria": {
      "root": "2024-06-24 00:41:42 +0000",
      "the_first_night": "2024-06-24 00:41:41 +0000"
    },
    "done": false
  },
  "blazeandcave:statistics/the_first_night": {
    "criteria": {
      "trigger": "2024-06-24 00:41:41 +0000"
    },
    "done": true
  },
  "blazeandcave:statistics/root": {
    "criteria": {
      "the_first_night": "2024-06-24 00:41:41 +0000"
    },
    "done": true
  },
  "blazeandcave:technical/stat_branch2_mid": {
    "criteria": {
      "root": "2024-06-24 00:41:42 +0000"
    },
    "done": true
  },
  "blazeandcave:technical/stat_branch4_mid": {
    "criteria": {
      "root": "2024-06-24 00:41:42 +0000"
    },
    "done": true
  },
  "blazeandcave:technical/stat_branch6_mid": {
    "criteria": {
      "root": "2024-06-24 00:41:42 +0000"
    },
    "done": true
  },
  "blazeandcave:technical/stat_branch8_mid": {
    "criteria": {
      "root": "2024-06-24 00:41:42 +0000"
    },
    "done": true
  },
  "blazeandcave:technical/stat_branch1_mid": {
    "criteria": {
      "root": "2024-06-24 00:41:42 +0000"
    },
    "done": true
  },
  "blazeandcave:technical/stat_branch3_mid": {
    "criteria": {
      "root": "2024-06-24 00:41:42 +0000"
    },
    "done": true
  },
  "blazeandcave:technical/stat_branch5_mid": {
    "criteria": {
      "root": "2024-06-24 00:41:42 +0000"
    },
    "done": true
  },
  "blazeandcave:technical/stat_branch7_mid": {
    "criteria": {
      "root": "2024-06-24 00:41:42 +0000"
    },
    "done": true
  },
  "blazeandcave:technical/stat_branch9_mid": {
    "criteria": {
      "root": "2024-06-24 00:41:42 +0000"
    },
    "done": true
  },
  "minecraft:recipes/transportation/dark_oak_boat": {
    "criteria": {
      "has_the_recipe": "2024-06-24 00:44:23 +0000"
    },
    "done": true
  },
  "blazeandcave:challenges/stack_all_the_items": {
    "criteria": {
      "dark_oak_boat": "2024-06-24 00:44:24 +0000",
      "wooden_pickaxe": "2024-06-24 01:07:45 +0000",
      "stone_pickaxe": "2024-06-24 01:08:20 +0000",
      "stone_axe": "2024-06-24 01:09:00 +0000"
    },
    "done": false
  },
  "minecraft:recipes/transportation/spruce_chest_boat": {
    "criteria": {
      "has_boat": "2024-06-24 00:44:24 +0000"
    },
    "done": true
  },
  "minecraft:recipes/transportation/jungle_chest_boat": {
    "criteria": {
      "has_boat": "2024-06-24 00:44:24 +0000"
    },
    "done": true
  },
  "minecraft:recipes/transportation/acacia_chest_boat": {
    "criteria": {
      "has_boat": "2024-06-24 00:44:24 +0000"
    },
    "done": true
  },
  "minecraft:recipes/transportation/mangrove_chest_boat": {
    "criteria": {
      "has_boat": "2024-06-24 00:44:24 +0000"
    },
    "done": true
  },
  "minecraft:recipes/transportation/oak_chest_boat": {
    "criteria": {
      "has_boat": "2024-06-24 00:44:24 +0000"
    },
    "done": true
  },
  "minecraft:recipes/transportation/cherry_chest_boat": {
    "criteria": {
      "has_boat": "2024-06-24 00:44:24 +0000"
    },
    "done": true
  },
  "minecraft:recipes/transportation/birch_chest_boat": {
    "criteria": {
      "has_boat": "2024-06-24 00:44:24 +0000"
    },
    "done": true
  },
  "minecraft:recipes/transportation/dark_oak_chest_boat": {
    "criteria": {
      "has_boat": "2024-06-24 00:44:24 +0000"
    },
    "done": true
  },
  "minecraft:recipes/transportation/bamboo_chest_raft": {
    "criteria": {
      "has_boat": "2024-06-24 00:44:24 +0000"
    },
    "done": true
  },
  "blazeandcave:biomes/boaty_mcboatface": {
    "criteria": {
      "boat": "2024-06-24 00:45:01 +0000"
    },
    "done": true
  },
  "blazeandcave:technical/fail_dragon_vs": {
    "criteria": {
      "ride": "2024-06-24 00:45:01 +0000"
    },
    "done": true
  },
  "blazeandcave:adventure/deals_off": {
    "criteria": {
      "llama_hurt_player": "2024-06-24 00:45:48 +0000"
    },
    "done": true
  },
  "blazeandcave:animal/llama_llama_duck_king": {
    "criteria": {
      "gray": "2024-06-24 00:46:12 +0000"
    },
    "done": false
  },
  "blazeandcave:animal/stay_calmer": {
    "criteria": {
      "tamed_animal": "2024-06-24 00:46:12 +0000"
    },
    "done": true
  },
  "blazeandcave:bacap/animal_milestone": {
    "criteria": {
      "root": "2024-06-24 01:02:07 +0000",
      "high_steaks": "2024-06-24 01:02:07 +0000",
      "stay_calmer": "2024-06-24 00:46:13 +0000",
      "cow_tipper": "2024-06-24 00:49:15 +0000"
    },
    "done": false
  },
  "blazeandcave:potion/a_much_more_doable_challenge": {
    "criteria": {
      "regeneration": "2024-06-24 00:48:47 +0000"
    },
    "done": false
  },
  "minecraft:recipes/combat/leather_helmet": {
    "criteria": {
      "has_leather": "2024-06-24 00:49:15 +0000"
    },
    "done": true
  },
  "minecraft:recipes/combat/leather_leggings": {
    "criteria": {
      "has_leather": "2024-06-24 00:49:15 +0000"
    },
    "done": true
  },
  "blazeandcave:animal/cow_tipper": {
    "criteria": {
      "leather": "2024-06-24 00:49:15 +0000"
    },
    "done": true
  },
  "minecraft:recipes/combat/leather_chestplate": {
    "criteria": {
      "has_leather": "2024-06-24 00:49:15 +0000"
    },
    "done": true
  },
  "minecraft:recipes/misc/leather_horse_armor": {
    "criteria": {
      "has_leather": "2024-06-24 00:49:15 +0000"
    },
    "done": true
  },
  "minecraft:recipes/decorations/item_frame": {
    "criteria": {
      "has_leather": "2024-06-24 00:49:15 +0000"
    },
    "done": true
  },
  "minecraft:recipes/combat/leather_boots": {
    "criteria": {
      "has_leather": "2024-06-24 00:49:15 +0000"
    },
    "done": true
  },
  "blazeandcave:animal/high_steaks": {
    "criteria": {
      "cooked_beef": "2024-06-24 01:02:07 +0000"
    },
    "done": true
  },
  "minecraft:husbandry/root": {
    "criteria": {
      "consumed_item": "2024-06-24 01:02:07 +0000"
    },
    "done": true
  },
  "blazeandcave:farming/meat_lovers": {
    "criteria": {
      "cooked_beef": "2024-06-24 01:02:07 +0000"
    },
    "done": false
  },
  "minecraft:husbandry/balanced_diet": {
    "criteria": {
      "cooked_beef": "2024-06-24 01:02:07 +0000"
    },
    "done": false
  },
  "blazeandcave:bacap/farming_milestone": {
    "criteria": {
      "full_stomach": "2024-06-24 01:03:13 +0000"
    },
    "done": false
  },
  "blazeandcave:farming/full_stomach": {
    "criteria": {
      "ten_withers": "2024-06-24 01:03:13 +0000"
    },
    "done": true
  },
  "minecraft:recipes/redstone/lever": {
    "criteria": {
      "has_cobblestone": "2024-06-24 01:07:57 +0000"
    },
    "done": true
  },
  "minecraft:recipes/combat/stone_sword": {
    "criteria": {
      "has_cobblestone": "2024-06-24 01:07:57 +0000"
    },
    "done": true
  },
  "minecraft:recipes/decorations/cobblestone_wall": {
    "criteria": {
      "has_cobblestone": "2024-06-24 01:07:57 +0000"
    },
    "done": true
  },
  "minecraft:recipes/tools/stone_axe": {
    "criteria": {
      "has_cobblestone": "2024-06-24 01:07:57 +0000"
    },
    "done": true
  },
  "minecraft:story/mine_stone": {
    "criteria": {
      "cobblestone": "2024-06-24 01:07:57 +0000"
    },
    "done": true
  },
  "minecraft:recipes/decorations/furnace": {
    "criteria": {
      "has_cobblestone": "2024-06-24 01:07:57 +0000"
    },
    "done": true
  },
  "minecraft:recipes/building_blocks/cobblestone_slab_from_cobblestone_stonecutting": {
    "criteria": {
      "has_cobblestone": "2024-06-24 01:07:57 +0000"
    },
    "done": true
  },
  "blazeandcave:bacap/time_to_mine": {
    "criteria": {
      "wooden_pickaxe": "2024-06-24 01:07:45 +0000"
    },
    "done": true
  },
  "minecraft:recipes/building_blocks/stone": {
    "criteria": {
      "has_cobblestone": "2024-06-24 01:07:57 +0000"
    },
    "done": true
  },
  "blazeandcave:bacap/time_to_chop": {
    "criteria": {
      "stone_axe": "2024-06-24 01:09:00 +0000"
    },
    "done": true
  },
  "blazeandcave:building/rock_collection": {
    "criteria": {
      "cobblestone": "2024-06-24 01:07:57 +0000"
    },
    "done": false
  },
  "minecraft:recipes/decorations/torch": {
    "criteria": {
      "has_stone_pickaxe": "2024-06-24 01:08:20 +0000"
    },
    "done": true
  },
  "blazeandcave:mining/root": {
    "criteria": {
      "pickaxe": "2024-06-24 01:07:45 +0000"
    },
    "done": true
  },
  "minecraft:recipes/tools/stone_pickaxe": {
    "criteria": {
      "has_cobblestone": "2024-06-24 01:07:57 +0000"
    },
    "done": true
  },
  "minecraft:story/upgrade_tools": {
    "criteria": {
      "stone_pickaxe": "2024-06-24 01:08:20 +0000"
    },
    "done": true
  },
  "minecraft:recipes/building_blocks/cobblestone_slab": {
    "criteria": {
      "has_cobblestone": "2024-06-24 01:07:57 +0000"
    },
    "done": true
  },
  "minecraft:recipes/decorations/cobblestone_wall_from_cobblestone_stonecutting": {
    "criteria": {
      "has_cobblestone": "2024-06-24 01:07:57 +0000"
    },
    "done": true
  },
  "minecraft:recipes/building_blocks/cobblestone_stairs_from_cobblestone_stonecutting": {
    "criteria": {
      "has_cobblestone": "2024-06-24 01:07:57 +0000"
    },
    "done": true
  },
  "minecraft:recipes/building_blocks/cobblestone_stairs": {
    "criteria": {
      "has_cobblestone": "2024-06-24 01:07:57 +0000"
    },
    "done": true
  },
  "minecraft:recipes/tools/stone_hoe": {
    "criteria": {
      "has_cobblestone": "2024-06-24 01:07:57 +0000"
    },
    "done": true
  },
  "minecraft:recipes/tools/stone_shovel": {
    "criteria": {
      "has_cobblestone": "2024-06-24 01:07:57 +0000"
    },
    "done": true
  },
  "blazeandcave:mining/moar_tools": {
    "criteria": {
      "stone_pickaxe": "2024-06-24 01:08:20 +0000",
      "stone_axe": "2024-06-24 01:09:00 +0000"
    },
    "done": false
  },
  "DataVersion": 3953
}